[{"model": "auth.permission", "pk": 1, "fields": {"name": "Can add log entry", "content_type": 1, "codename": "add_logentry"}}, {"model": "auth.permission", "pk": 2, "fields": {"name": "Can change log entry", "content_type": 1, "codename": "change_logentry"}}, {"model": "auth.permission", "pk": 3, "fields": {"name": "Can delete log entry", "content_type": 1, "codename": "delete_logentry"}}, {"model": "auth.permission", "pk": 4, "fields": {"name": "Can view log entry", "content_type": 1, "codename": "view_logentry"}}, {"model": "auth.permission", "pk": 5, "fields": {"name": "Can add permission", "content_type": 2, "codename": "add_permission"}}, {"model": "auth.permission", "pk": 6, "fields": {"name": "Can change permission", "content_type": 2, "codename": "change_permission"}}, {"model": "auth.permission", "pk": 7, "fields": {"name": "Can delete permission", "content_type": 2, "codename": "delete_permission"}}, {"model": "auth.permission", "pk": 8, "fields": {"name": "Can view permission", "content_type": 2, "codename": "view_permission"}}, {"model": "auth.permission", "pk": 9, "fields": {"name": "Can add group", "content_type": 3, "codename": "add_group"}}, {"model": "auth.permission", "pk": 10, "fields": {"name": "Can change group", "content_type": 3, "codename": "change_group"}}, {"model": "auth.permission", "pk": 11, "fields": {"name": "Can delete group", "content_type": 3, "codename": "delete_group"}}, {"model": "auth.permission", "pk": 12, "fields": {"name": "Can view group", "content_type": 3, "codename": "view_group"}}, {"model": "auth.permission", "pk": 13, "fields": {"name": "Can add content type", "content_type": 4, "codename": "add_contenttype"}}, {"model": "auth.permission", "pk": 14, "fields": {"name": "Can change content type", "content_type": 4, "codename": "change_contenttype"}}, {"model": "auth.permission", "pk": 15, "fields": {"name": "Can delete content type", "content_type": 4, "codename": "delete_contenttype"}}, {"model": "auth.permission", "pk": 16, "fields": {"name": "Can view content type", "content_type": 4, "codename": "view_contenttype"}}, {"model": "auth.permission", "pk": 17, "fields": {"name": "Can add session", "content_type": 5, "codename": "add_session"}}, {"model": "auth.permission", "pk": 18, "fields": {"name": "Can change session", "content_type": 5, "codename": "change_session"}}, {"model": "auth.permission", "pk": 19, "fields": {"name": "Can delete session", "content_type": 5, "codename": "delete_session"}}, {"model": "auth.permission", "pk": 20, "fields": {"name": "Can view session", "content_type": 5, "codename": "view_session"}}, {"model": "auth.permission", "pk": 21, "fields": {"name": "Can add project", "content_type": 6, "codename": "add_project"}}, {"model": "auth.permission", "pk": 22, "fields": {"name": "Can change project", "content_type": 6, "codename": "change_project"}}, {"model": "auth.permission", "pk": 23, "fields": {"name": "Can delete project", "content_type": 6, "codename": "delete_project"}}, {"model": "auth.permission", "pk": 24, "fields": {"name": "Can view project", "content_type": 6, "codename": "view_project"}}, {"model": "auth.permission", "pk": 25, "fields": {"name": "Can add custom user", "content_type": 7, "codename": "add_customuser"}}, {"model": "auth.permission", "pk": 26, "fields": {"name": "Can change custom user", "content_type": 7, "codename": "change_customuser"}}, {"model": "auth.permission", "pk": 27, "fields": {"name": "Can delete custom user", "content_type": 7, "codename": "delete_customuser"}}, {"model": "auth.permission", "pk": 28, "fields": {"name": "Can view custom user", "content_type": 7, "codename": "view_customuser"}}, {"model": "auth.permission", "pk": 29, "fields": {"name": "Can add admin detail", "content_type": 8, "codename": "add_admindetail"}}, {"model": "auth.permission", "pk": 30, "fields": {"name": "Can change admin detail", "content_type": 8, "codename": "change_admindetail"}}, {"model": "auth.permission", "pk": 31, "fields": {"name": "Can delete admin detail", "content_type": 8, "codename": "delete_admindetail"}}, {"model": "auth.permission", "pk": 32, "fields": {"name": "Can view admin detail", "content_type": 8, "codename": "view_admindetail"}}, {"model": "auth.permission", "pk": 33, "fields": {"name": "Can add company detail", "content_type": 9, "codename": "add_companydetail"}}, {"model": "auth.permission", "pk": 34, "fields": {"name": "Can change company detail", "content_type": 9, "codename": "change_companydetail"}}, {"model": "auth.permission", "pk": 35, "fields": {"name": "Can delete company detail", "content_type": 9, "codename": "delete_companydetail"}}, {"model": "auth.permission", "pk": 36, "fields": {"name": "Can view company detail", "content_type": 9, "codename": "view_companydetail"}}, {"model": "auth.permission", "pk": 37, "fields": {"name": "Can add notification preference", "content_type": 10, "codename": "add_notificationpreference"}}, {"model": "auth.permission", "pk": 38, "fields": {"name": "Can change notification preference", "content_type": 10, "codename": "change_notificationpreference"}}, {"model": "auth.permission", "pk": 39, "fields": {"name": "Can delete notification preference", "content_type": 10, "codename": "delete_notificationpreference"}}, {"model": "auth.permission", "pk": 40, "fields": {"name": "Can view notification preference", "content_type": 10, "codename": "view_notificationpreference"}}, {"model": "auth.permission", "pk": 41, "fields": {"name": "Can add project attendance", "content_type": 11, "codename": "add_projectattendance"}}, {"model": "auth.permission", "pk": 42, "fields": {"name": "Can change project attendance", "content_type": 11, "codename": "change_projectattendance"}}, {"model": "auth.permission", "pk": 43, "fields": {"name": "Can delete project attendance", "content_type": 11, "codename": "delete_projectattendance"}}, {"model": "auth.permission", "pk": 44, "fields": {"name": "Can view project attendance", "content_type": 11, "codename": "view_projectattendance"}}, {"model": "auth.permission", "pk": 45, "fields": {"name": "Can add user detail", "content_type": 12, "codename": "add_userdetail"}}, {"model": "auth.permission", "pk": 46, "fields": {"name": "Can change user detail", "content_type": 12, "codename": "change_userdetail"}}, {"model": "auth.permission", "pk": 47, "fields": {"name": "Can delete user detail", "content_type": 12, "codename": "delete_userdetail"}}, {"model": "auth.permission", "pk": 48, "fields": {"name": "Can view user detail", "content_type": 12, "codename": "view_userdetail"}}, {"model": "auth.permission", "pk": 49, "fields": {"name": "Can add notification", "content_type": 13, "codename": "add_notification"}}, {"model": "auth.permission", "pk": 50, "fields": {"name": "Can change notification", "content_type": 13, "codename": "change_notification"}}, {"model": "auth.permission", "pk": 51, "fields": {"name": "Can delete notification", "content_type": 13, "codename": "delete_notification"}}, {"model": "auth.permission", "pk": 52, "fields": {"name": "Can view notification", "content_type": 13, "codename": "view_notification"}}, {"model": "auth.permission", "pk": 53, "fields": {"name": "Can add message", "content_type": 14, "codename": "add_message"}}, {"model": "auth.permission", "pk": 54, "fields": {"name": "Can change message", "content_type": 14, "codename": "change_message"}}, {"model": "auth.permission", "pk": 55, "fields": {"name": "Can delete message", "content_type": 14, "codename": "delete_message"}}, {"model": "auth.permission", "pk": 56, "fields": {"name": "Can view message", "content_type": 14, "codename": "view_message"}}, {"model": "auth.permission", "pk": 57, "fields": {"name": "Can add worker", "content_type": 15, "codename": "add_worker"}}, {"model": "auth.permission", "pk": 58, "fields": {"name": "Can change worker", "content_type": 15, "codename": "change_worker"}}, {"model": "auth.permission", "pk": 59, "fields": {"name": "Can delete worker", "content_type": 15, "codename": "delete_worker"}}, {"model": "auth.permission", "pk": 60, "fields": {"name": "Can view worker", "content_type": 15, "codename": "view_worker"}}, {"model": "auth.permission", "pk": 61, "fields": {"name": "Can view all workers", "content_type": 15, "codename": "view_all_workers"}}, {"model": "auth.permission", "pk": 62, "fields": {"name": "Can manage workers", "content_type": 15, "codename": "manage_workers"}}, {"model": "auth.permission", "pk": 63, "fields": {"name": "Can add Toolbox Talk", "content_type": 16, "codename": "add_toolboxtalk"}}, {"model": "auth.permission", "pk": 64, "fields": {"name": "Can change Toolbox Talk", "content_type": 16, "codename": "change_toolboxtalk"}}, {"model": "auth.permission", "pk": 65, "fields": {"name": "Can delete Toolbox Talk", "content_type": 16, "codename": "delete_toolboxtalk"}}, {"model": "auth.permission", "pk": 66, "fields": {"name": "Can view Toolbox Talk", "content_type": 16, "codename": "view_toolboxtalk"}}, {"model": "auth.permission", "pk": 67, "fields": {"name": "Can add Toolbox Talk Attendance", "content_type": 17, "codename": "add_toolboxtalkattendance"}}, {"model": "auth.permission", "pk": 68, "fields": {"name": "Can change Toolbox Talk Attendance", "content_type": 17, "codename": "change_toolboxtalkattendance"}}, {"model": "auth.permission", "pk": 69, "fields": {"name": "Can delete Toolbox Talk Attendance", "content_type": 17, "codename": "delete_toolboxtalkattendance"}}, {"model": "auth.permission", "pk": 70, "fields": {"name": "Can view Toolbox Talk Attendance", "content_type": 17, "codename": "view_toolboxtalkattendance"}}, {"model": "auth.permission", "pk": 71, "fields": {"name": "Can add Induction Training", "content_type": 18, "codename": "add_inductiontraining"}}, {"model": "auth.permission", "pk": 72, "fields": {"name": "Can change Induction Training", "content_type": 18, "codename": "change_inductiontraining"}}, {"model": "auth.permission", "pk": 73, "fields": {"name": "Can delete Induction Training", "content_type": 18, "codename": "delete_inductiontraining"}}, {"model": "auth.permission", "pk": 74, "fields": {"name": "Can view Induction Training", "content_type": 18, "codename": "view_inductiontraining"}}, {"model": "auth.permission", "pk": 75, "fields": {"name": "Can add Induction Attendance", "content_type": 19, "codename": "add_inductionattendance"}}, {"model": "auth.permission", "pk": 76, "fields": {"name": "Can change Induction Attendance", "content_type": 19, "codename": "change_inductionattendance"}}, {"model": "auth.permission", "pk": 77, "fields": {"name": "Can delete Induction Attendance", "content_type": 19, "codename": "delete_inductionattendance"}}, {"model": "auth.permission", "pk": 78, "fields": {"name": "Can view Induction Attendance", "content_type": 19, "codename": "view_inductionattendance"}}, {"model": "auth.permission", "pk": 79, "fields": {"name": "Can add Job Training", "content_type": 20, "codename": "add_jobtraining"}}, {"model": "auth.permission", "pk": 80, "fields": {"name": "Can change Job Training", "content_type": 20, "codename": "change_jobtraining"}}, {"model": "auth.permission", "pk": 81, "fields": {"name": "Can delete Job Training", "content_type": 20, "codename": "delete_jobtraining"}}, {"model": "auth.permission", "pk": 82, "fields": {"name": "Can view Job Training", "content_type": 20, "codename": "view_jobtraining"}}, {"model": "auth.permission", "pk": 83, "fields": {"name": "Can add Job Training Attendance", "content_type": 21, "codename": "add_jobtrainingattendance"}}, {"model": "auth.permission", "pk": 84, "fields": {"name": "Can change Job Training Attendance", "content_type": 21, "codename": "change_jobtrainingattendance"}}, {"model": "auth.permission", "pk": 85, "fields": {"name": "Can delete Job Training Attendance", "content_type": 21, "codename": "delete_jobtrainingattendance"}}, {"model": "auth.permission", "pk": 86, "fields": {"name": "Can view Job Training Attendance", "content_type": 21, "codename": "view_jobtrainingattendance"}}, {"model": "auth.permission", "pk": 87, "fields": {"name": "Can add mom", "content_type": 22, "codename": "add_mom"}}, {"model": "auth.permission", "pk": 88, "fields": {"name": "Can change mom", "content_type": 22, "codename": "change_mom"}}, {"model": "auth.permission", "pk": 89, "fields": {"name": "Can delete mom", "content_type": 22, "codename": "delete_mom"}}, {"model": "auth.permission", "pk": 90, "fields": {"name": "Can view mom", "content_type": 22, "codename": "view_mom"}}, {"model": "auth.permission", "pk": 91, "fields": {"name": "Can add participant attendance", "content_type": 23, "codename": "add_participantattendance"}}, {"model": "auth.permission", "pk": 92, "fields": {"name": "Can change participant attendance", "content_type": 23, "codename": "change_participantattendance"}}, {"model": "auth.permission", "pk": 93, "fields": {"name": "Can delete participant attendance", "content_type": 23, "codename": "delete_participantattendance"}}, {"model": "auth.permission", "pk": 94, "fields": {"name": "Can view participant attendance", "content_type": 23, "codename": "view_participantattendance"}}, {"model": "auth.permission", "pk": 95, "fields": {"name": "Can add participant response", "content_type": 24, "codename": "add_participantresponse"}}, {"model": "auth.permission", "pk": 96, "fields": {"name": "Can change participant response", "content_type": 24, "codename": "change_participantresponse"}}, {"model": "auth.permission", "pk": 97, "fields": {"name": "Can delete participant response", "content_type": 24, "codename": "delete_participantresponse"}}, {"model": "auth.permission", "pk": 98, "fields": {"name": "Can view participant response", "content_type": 24, "codename": "view_participantresponse"}}, {"model": "auth.permission", "pk": 99, "fields": {"name": "Can add safety observation", "content_type": 25, "codename": "add_safetyobservation"}}, {"model": "auth.permission", "pk": 100, "fields": {"name": "Can change safety observation", "content_type": 25, "codename": "change_safetyobservation"}}, {"model": "auth.permission", "pk": 101, "fields": {"name": "Can delete safety observation", "content_type": 25, "codename": "delete_safetyobservation"}}, {"model": "auth.permission", "pk": 102, "fields": {"name": "Can view safety observation", "content_type": 25, "codename": "view_safetyobservation"}}, {"model": "auth.permission", "pk": 103, "fields": {"name": "Can add safety observation file", "content_type": 26, "codename": "add_safetyobservationfile"}}, {"model": "auth.permission", "pk": 104, "fields": {"name": "Can change safety observation file", "content_type": 26, "codename": "change_safetyobservationfile"}}, {"model": "auth.permission", "pk": 105, "fields": {"name": "Can delete safety observation file", "content_type": 26, "codename": "delete_safetyobservationfile"}}, {"model": "auth.permission", "pk": 106, "fields": {"name": "Can view safety observation file", "content_type": 26, "codename": "view_safetyobservationfile"}}, {"model": "auth.permission", "pk": 107, "fields": {"name": "Can add hazard library", "content_type": 27, "codename": "add_hazardlibrary"}}, {"model": "auth.permission", "pk": 108, "fields": {"name": "Can change hazard library", "content_type": 27, "codename": "change_hazardlibrary"}}, {"model": "auth.permission", "pk": 109, "fields": {"name": "Can delete hazard library", "content_type": 27, "codename": "delete_hazardlibrary"}}, {"model": "auth.permission", "pk": 110, "fields": {"name": "Can view hazard library", "content_type": 27, "codename": "view_hazardlibrary"}}, {"model": "auth.permission", "pk": 111, "fields": {"name": "Can add notification template", "content_type": 28, "codename": "add_notificationtemplate"}}, {"model": "auth.permission", "pk": 112, "fields": {"name": "Can change notification template", "content_type": 28, "codename": "change_notificationtemplate"}}, {"model": "auth.permission", "pk": 113, "fields": {"name": "Can delete notification template", "content_type": 28, "codename": "delete_notificationtemplate"}}, {"model": "auth.permission", "pk": 114, "fields": {"name": "Can view notification template", "content_type": 28, "codename": "view_notificationtemplate"}}, {"model": "auth.permission", "pk": 115, "fields": {"name": "Can add permit type", "content_type": 29, "codename": "add_permittype"}}, {"model": "auth.permission", "pk": 116, "fields": {"name": "Can change permit type", "content_type": 29, "codename": "change_permittype"}}, {"model": "auth.permission", "pk": 117, "fields": {"name": "Can delete permit type", "content_type": 29, "codename": "delete_permittype"}}, {"model": "auth.permission", "pk": 118, "fields": {"name": "Can view permit type", "content_type": 29, "codename": "view_permittype"}}, {"model": "auth.permission", "pk": 119, "fields": {"name": "Can add system integration", "content_type": 30, "codename": "add_systemintegration"}}, {"model": "auth.permission", "pk": 120, "fields": {"name": "Can change system integration", "content_type": 30, "codename": "change_systemintegration"}}, {"model": "auth.permission", "pk": 121, "fields": {"name": "Can delete system integration", "content_type": 30, "codename": "delete_systemintegration"}}, {"model": "auth.permission", "pk": 122, "fields": {"name": "Can view system integration", "content_type": 30, "codename": "view_systemintegration"}}, {"model": "auth.permission", "pk": 123, "fields": {"name": "Can add compliance report", "content_type": 31, "codename": "add_compliancereport"}}, {"model": "auth.permission", "pk": 124, "fields": {"name": "Can change compliance report", "content_type": 31, "codename": "change_compliancereport"}}, {"model": "auth.permission", "pk": 125, "fields": {"name": "Can delete compliance report", "content_type": 31, "codename": "delete_compliancereport"}}, {"model": "auth.permission", "pk": 126, "fields": {"name": "Can view compliance report", "content_type": 31, "codename": "view_compliancereport"}}, {"model": "auth.permission", "pk": 127, "fields": {"name": "Can add permit", "content_type": 32, "codename": "add_permit"}}, {"model": "auth.permission", "pk": 128, "fields": {"name": "Can change permit", "content_type": 32, "codename": "change_permit"}}, {"model": "auth.permission", "pk": 129, "fields": {"name": "Can delete permit", "content_type": 32, "codename": "delete_permit"}}, {"model": "auth.permission", "pk": 130, "fields": {"name": "Can view permit", "content_type": 32, "codename": "view_permit"}}, {"model": "auth.permission", "pk": 131, "fields": {"name": "Can add gas reading", "content_type": 33, "codename": "add_gasreading"}}, {"model": "auth.permission", "pk": 132, "fields": {"name": "Can change gas reading", "content_type": 33, "codename": "change_gasreading"}}, {"model": "auth.permission", "pk": 133, "fields": {"name": "Can delete gas reading", "content_type": 33, "codename": "delete_gasreading"}}, {"model": "auth.permission", "pk": 134, "fields": {"name": "Can view gas reading", "content_type": 33, "codename": "view_gasreading"}}, {"model": "auth.permission", "pk": 135, "fields": {"name": "Can add permit extension", "content_type": 34, "codename": "add_permitextension"}}, {"model": "auth.permission", "pk": 136, "fields": {"name": "Can change permit extension", "content_type": 34, "codename": "change_permitextension"}}, {"model": "auth.permission", "pk": 137, "fields": {"name": "Can delete permit extension", "content_type": 34, "codename": "delete_permitextension"}}, {"model": "auth.permission", "pk": 138, "fields": {"name": "Can view permit extension", "content_type": 34, "codename": "view_permitextension"}}, {"model": "auth.permission", "pk": 139, "fields": {"name": "Can add permit hazard", "content_type": 35, "codename": "add_permithazard"}}, {"model": "auth.permission", "pk": 140, "fields": {"name": "Can change permit hazard", "content_type": 35, "codename": "change_permithazard"}}, {"model": "auth.permission", "pk": 141, "fields": {"name": "Can delete permit hazard", "content_type": 35, "codename": "delete_permithazard"}}, {"model": "auth.permission", "pk": 142, "fields": {"name": "Can view permit hazard", "content_type": 35, "codename": "view_permithazard"}}, {"model": "auth.permission", "pk": 143, "fields": {"name": "Can add permit photo", "content_type": 36, "codename": "add_permitphoto"}}, {"model": "auth.permission", "pk": 144, "fields": {"name": "Can change permit photo", "content_type": 36, "codename": "change_permitphoto"}}, {"model": "auth.permission", "pk": 145, "fields": {"name": "Can delete permit photo", "content_type": 36, "codename": "delete_permitphoto"}}, {"model": "auth.permission", "pk": 146, "fields": {"name": "Can view permit photo", "content_type": 36, "codename": "view_permitphoto"}}, {"model": "auth.permission", "pk": 147, "fields": {"name": "Can add escalation rule", "content_type": 37, "codename": "add_escalationrule"}}, {"model": "auth.permission", "pk": 148, "fields": {"name": "Can change escalation rule", "content_type": 37, "codename": "change_escalationrule"}}, {"model": "auth.permission", "pk": 149, "fields": {"name": "Can delete escalation rule", "content_type": 37, "codename": "delete_escalationrule"}}, {"model": "auth.permission", "pk": 150, "fields": {"name": "Can view escalation rule", "content_type": 37, "codename": "view_escalationrule"}}, {"model": "auth.permission", "pk": 151, "fields": {"name": "Can add permit worker", "content_type": 38, "codename": "add_permitworker"}}, {"model": "auth.permission", "pk": 152, "fields": {"name": "Can change permit worker", "content_type": 38, "codename": "change_permitworker"}}, {"model": "auth.permission", "pk": 153, "fields": {"name": "Can delete permit worker", "content_type": 38, "codename": "delete_permitworker"}}, {"model": "auth.permission", "pk": 154, "fields": {"name": "Can view permit worker", "content_type": 38, "codename": "view_permitworker"}}, {"model": "auth.permission", "pk": 155, "fields": {"name": "Can add workflow instance", "content_type": 39, "codename": "add_workflowinstance"}}, {"model": "auth.permission", "pk": 156, "fields": {"name": "Can change workflow instance", "content_type": 39, "codename": "change_workflowinstance"}}, {"model": "auth.permission", "pk": 157, "fields": {"name": "Can delete workflow instance", "content_type": 39, "codename": "delete_workflowinstance"}}, {"model": "auth.permission", "pk": 158, "fields": {"name": "Can view workflow instance", "content_type": 39, "codename": "view_workflowinstance"}}, {"model": "auth.permission", "pk": 159, "fields": {"name": "Can add workflow step", "content_type": 40, "codename": "add_workflowstep"}}, {"model": "auth.permission", "pk": 160, "fields": {"name": "Can change workflow step", "content_type": 40, "codename": "change_workflowstep"}}, {"model": "auth.permission", "pk": 161, "fields": {"name": "Can delete workflow step", "content_type": 40, "codename": "delete_workflowstep"}}, {"model": "auth.permission", "pk": 162, "fields": {"name": "Can view workflow step", "content_type": 40, "codename": "view_workflowstep"}}, {"model": "auth.permission", "pk": 163, "fields": {"name": "Can add workflow template", "content_type": 41, "codename": "add_workflowtemplate"}}, {"model": "auth.permission", "pk": 164, "fields": {"name": "Can change workflow template", "content_type": 41, "codename": "change_workflowtemplate"}}, {"model": "auth.permission", "pk": 165, "fields": {"name": "Can delete workflow template", "content_type": 41, "codename": "delete_workflowtemplate"}}, {"model": "auth.permission", "pk": 166, "fields": {"name": "Can view workflow template", "content_type": 41, "codename": "view_workflowtemplate"}}, {"model": "auth.permission", "pk": 167, "fields": {"name": "Can add digital signature", "content_type": 42, "codename": "add_digitalsignature"}}, {"model": "auth.permission", "pk": 168, "fields": {"name": "Can change digital signature", "content_type": 42, "codename": "change_digitalsignature"}}, {"model": "auth.permission", "pk": 169, "fields": {"name": "Can delete digital signature", "content_type": 42, "codename": "delete_digitalsignature"}}, {"model": "auth.permission", "pk": 170, "fields": {"name": "Can view digital signature", "content_type": 42, "codename": "view_digitalsignature"}}, {"model": "auth.permission", "pk": 171, "fields": {"name": "Can add permit approval", "content_type": 43, "codename": "add_permitapproval"}}, {"model": "auth.permission", "pk": 172, "fields": {"name": "Can change permit approval", "content_type": 43, "codename": "change_permitapproval"}}, {"model": "auth.permission", "pk": 173, "fields": {"name": "Can delete permit approval", "content_type": 43, "codename": "delete_permitapproval"}}, {"model": "auth.permission", "pk": 174, "fields": {"name": "Can view permit approval", "content_type": 43, "codename": "view_permitapproval"}}, {"model": "auth.permission", "pk": 175, "fields": {"name": "Can add permit audit", "content_type": 44, "codename": "add_permitaudit"}}, {"model": "auth.permission", "pk": 176, "fields": {"name": "Can change permit audit", "content_type": 44, "codename": "change_permitaudit"}}, {"model": "auth.permission", "pk": 177, "fields": {"name": "Can delete permit audit", "content_type": 44, "codename": "delete_permitaudit"}}, {"model": "auth.permission", "pk": 178, "fields": {"name": "Can view permit audit", "content_type": 44, "codename": "view_permitaudit"}}, {"model": "auth.permission", "pk": 179, "fields": {"name": "Can add work type", "content_type": 45, "codename": "add_worktype"}}, {"model": "auth.permission", "pk": 180, "fields": {"name": "Can change work type", "content_type": 45, "codename": "change_worktype"}}, {"model": "auth.permission", "pk": 181, "fields": {"name": "Can delete work type", "content_type": 45, "codename": "delete_worktype"}}, {"model": "auth.permission", "pk": 182, "fields": {"name": "Can view work type", "content_type": 45, "codename": "view_worktype"}}, {"model": "auth.permission", "pk": 183, "fields": {"name": "Can add daily manpower summary", "content_type": 46, "codename": "add_dailymanpowersummary"}}, {"model": "auth.permission", "pk": 184, "fields": {"name": "Can change daily manpower summary", "content_type": 46, "codename": "change_dailymanpowersummary"}}, {"model": "auth.permission", "pk": 185, "fields": {"name": "Can delete daily manpower summary", "content_type": 46, "codename": "delete_dailymanpowersummary"}}, {"model": "auth.permission", "pk": 186, "fields": {"name": "Can view daily manpower summary", "content_type": 46, "codename": "view_dailymanpowersummary"}}, {"model": "auth.permission", "pk": 187, "fields": {"name": "Can add manpower entry", "content_type": 47, "codename": "add_manpowerentry"}}, {"model": "auth.permission", "pk": 188, "fields": {"name": "Can change manpower entry", "content_type": 47, "codename": "change_manpowerentry"}}, {"model": "auth.permission", "pk": 189, "fields": {"name": "Can delete manpower entry", "content_type": 47, "codename": "delete_manpowerentry"}}, {"model": "auth.permission", "pk": 190, "fields": {"name": "Can view manpower entry", "content_type": 47, "codename": "view_manpowerentry"}}, {"model": "auth.permission", "pk": 191, "fields": {"name": "Can view all manpower entries", "content_type": 47, "codename": "view_all_manpower"}}, {"model": "auth.permission", "pk": 192, "fields": {"name": "Can manage manpower entries", "content_type": 47, "codename": "manage_manpower"}}, {"model": "auth.permission", "pk": 193, "fields": {"name": "Can add Incident Category", "content_type": 48, "codename": "add_incidentcategory"}}, {"model": "auth.permission", "pk": 194, "fields": {"name": "Can change Incident Category", "content_type": 48, "codename": "change_incidentcategory"}}, {"model": "auth.permission", "pk": 195, "fields": {"name": "Can delete Incident Category", "content_type": 48, "codename": "delete_incidentcategory"}}, {"model": "auth.permission", "pk": 196, "fields": {"name": "Can view Incident Category", "content_type": 48, "codename": "view_incidentcategory"}}, {"model": "auth.permission", "pk": 197, "fields": {"name": "Can add 8D Process", "content_type": 49, "codename": "add_eightdprocess"}}, {"model": "auth.permission", "pk": 198, "fields": {"name": "Can change 8D Process", "content_type": 49, "codename": "change_eightdprocess"}}, {"model": "auth.permission", "pk": 199, "fields": {"name": "Can delete 8D Process", "content_type": 49, "codename": "delete_eightdprocess"}}, {"model": "auth.permission", "pk": 200, "fields": {"name": "Can view 8D Process", "content_type": 49, "codename": "view_eightdprocess"}}, {"model": "auth.permission", "pk": 201, "fields": {"name": "Can add 8D Prevention Action", "content_type": 50, "codename": "add_eightdpreventionaction"}}, {"model": "auth.permission", "pk": 202, "fields": {"name": "Can change 8D Prevention Action", "content_type": 50, "codename": "change_eightdpreventionaction"}}, {"model": "auth.permission", "pk": 203, "fields": {"name": "Can delete 8D Prevention Action", "content_type": 50, "codename": "delete_eightdpreventionaction"}}, {"model": "auth.permission", "pk": 204, "fields": {"name": "Can view 8D Prevention Action", "content_type": 50, "codename": "view_eightdpreventionaction"}}, {"model": "auth.permission", "pk": 205, "fields": {"name": "Can add 8D Containment Action", "content_type": 51, "codename": "add_eightdcontainmentaction"}}, {"model": "auth.permission", "pk": 206, "fields": {"name": "Can change 8D Containment Action", "content_type": 51, "codename": "change_eightdcontainmentaction"}}, {"model": "auth.permission", "pk": 207, "fields": {"name": "Can delete 8D Containment Action", "content_type": 51, "codename": "delete_eightdcontainmentaction"}}, {"model": "auth.permission", "pk": 208, "fields": {"name": "Can view 8D Containment Action", "content_type": 51, "codename": "view_eightdcontainmentaction"}}, {"model": "auth.permission", "pk": 209, "fields": {"name": "Can add 8D Root Cause", "content_type": 52, "codename": "add_eightdrootcause"}}, {"model": "auth.permission", "pk": 210, "fields": {"name": "Can change 8D Root Cause", "content_type": 52, "codename": "change_eightdrootcause"}}, {"model": "auth.permission", "pk": 211, "fields": {"name": "Can delete 8D Root Cause", "content_type": 52, "codename": "delete_eightdrootcause"}}, {"model": "auth.permission", "pk": 212, "fields": {"name": "Can view 8D Root Cause", "content_type": 52, "codename": "view_eightdrootcause"}}, {"model": "auth.permission", "pk": 213, "fields": {"name": "Can add 8D Corrective Action", "content_type": 53, "codename": "add_eightdcorrectiveaction"}}, {"model": "auth.permission", "pk": 214, "fields": {"name": "Can change 8D Corrective Action", "content_type": 53, "codename": "change_eightdcorrectiveaction"}}, {"model": "auth.permission", "pk": 215, "fields": {"name": "Can delete 8D Corrective Action", "content_type": 53, "codename": "delete_eightdcorrectiveaction"}}, {"model": "auth.permission", "pk": 216, "fields": {"name": "Can view 8D Corrective Action", "content_type": 53, "codename": "view_eightdcorrectiveaction"}}, {"model": "auth.permission", "pk": 217, "fields": {"name": "Can add Incident", "content_type": 54, "codename": "add_incident"}}, {"model": "auth.permission", "pk": 218, "fields": {"name": "Can change Incident", "content_type": 54, "codename": "change_incident"}}, {"model": "auth.permission", "pk": 219, "fields": {"name": "Can delete Incident", "content_type": 54, "codename": "delete_incident"}}, {"model": "auth.permission", "pk": 220, "fields": {"name": "Can view Incident", "content_type": 54, "codename": "view_incident"}}, {"model": "auth.permission", "pk": 221, "fields": {"name": "Can add Incident Attachment", "content_type": 55, "codename": "add_incidentattachment"}}, {"model": "auth.permission", "pk": 222, "fields": {"name": "Can change Incident Attachment", "content_type": 55, "codename": "change_incidentattachment"}}, {"model": "auth.permission", "pk": 223, "fields": {"name": "Can delete Incident Attachment", "content_type": 55, "codename": "delete_incidentattachment"}}, {"model": "auth.permission", "pk": 224, "fields": {"name": "Can view Incident Attachment", "content_type": 55, "codename": "view_incidentattachment"}}, {"model": "auth.permission", "pk": 225, "fields": {"name": "Can add Incident Audit Log", "content_type": 56, "codename": "add_incidentauditlog"}}, {"model": "auth.permission", "pk": 226, "fields": {"name": "Can change Incident Audit Log", "content_type": 56, "codename": "change_incidentauditlog"}}, {"model": "auth.permission", "pk": 227, "fields": {"name": "Can delete Incident Audit Log", "content_type": 56, "codename": "delete_incidentauditlog"}}, {"model": "auth.permission", "pk": 228, "fields": {"name": "Can view Incident Audit Log", "content_type": 56, "codename": "view_incidentauditlog"}}, {"model": "auth.permission", "pk": 229, "fields": {"name": "Can add Incident Cost Center", "content_type": 57, "codename": "add_incidentcostcenter"}}, {"model": "auth.permission", "pk": 230, "fields": {"name": "Can change Incident Cost Center", "content_type": 57, "codename": "change_incidentcostcenter"}}, {"model": "auth.permission", "pk": 231, "fields": {"name": "Can delete Incident Cost Center", "content_type": 57, "codename": "delete_incidentcostcenter"}}, {"model": "auth.permission", "pk": 232, "fields": {"name": "Can view Incident Cost Center", "content_type": 57, "codename": "view_incidentcostcenter"}}, {"model": "auth.permission", "pk": 233, "fields": {"name": "Can add Incident Learning", "content_type": 58, "codename": "add_incidentlearning"}}, {"model": "auth.permission", "pk": 234, "fields": {"name": "Can change Incident Learning", "content_type": 58, "codename": "change_incidentlearning"}}, {"model": "auth.permission", "pk": 235, "fields": {"name": "Can delete Incident Learning", "content_type": 58, "codename": "delete_incidentlearning"}}, {"model": "auth.permission", "pk": 236, "fields": {"name": "Can view Incident Learning", "content_type": 58, "codename": "view_incidentlearning"}}, {"model": "auth.permission", "pk": 237, "fields": {"name": "Can add Incident Metrics", "content_type": 59, "codename": "add_incidentmetrics"}}, {"model": "auth.permission", "pk": 238, "fields": {"name": "Can change Incident Metrics", "content_type": 59, "codename": "change_incidentmetrics"}}, {"model": "auth.permission", "pk": 239, "fields": {"name": "Can delete Incident Metrics", "content_type": 59, "codename": "delete_incidentmetrics"}}, {"model": "auth.permission", "pk": 240, "fields": {"name": "Can view Incident Metrics", "content_type": 59, "codename": "view_incidentmetrics"}}, {"model": "auth.permission", "pk": 241, "fields": {"name": "Can add Incident Notification", "content_type": 60, "codename": "add_incidentnotification"}}, {"model": "auth.permission", "pk": 242, "fields": {"name": "Can change Incident Notification", "content_type": 60, "codename": "change_incidentnotification"}}, {"model": "auth.permission", "pk": 243, "fields": {"name": "Can delete Incident Notification", "content_type": 60, "codename": "delete_incidentnotification"}}, {"model": "auth.permission", "pk": 244, "fields": {"name": "Can view Incident Notification", "content_type": 60, "codename": "view_incidentnotification"}}, {"model": "auth.permission", "pk": 245, "fields": {"name": "Can add Incident Workflow", "content_type": 61, "codename": "add_incidentworkflow"}}, {"model": "auth.permission", "pk": 246, "fields": {"name": "Can change Incident Workflow", "content_type": 61, "codename": "change_incidentworkflow"}}, {"model": "auth.permission", "pk": 247, "fields": {"name": "Can delete Incident Workflow", "content_type": 61, "codename": "delete_incidentworkflow"}}, {"model": "auth.permission", "pk": 248, "fields": {"name": "Can view Incident Workflow", "content_type": 61, "codename": "view_incidentworkflow"}}, {"model": "auth.permission", "pk": 249, "fields": {"name": "Can add Risk Assessment Template", "content_type": 62, "codename": "add_riskassessmenttemplate"}}, {"model": "auth.permission", "pk": 250, "fields": {"name": "Can change Risk Assessment Template", "content_type": 62, "codename": "change_riskassessmenttemplate"}}, {"model": "auth.permission", "pk": 251, "fields": {"name": "Can delete Risk Assessment Template", "content_type": 62, "codename": "delete_riskassessmenttemplate"}}, {"model": "auth.permission", "pk": 252, "fields": {"name": "Can view Risk Assessment Template", "content_type": 62, "codename": "view_riskassessmenttemplate"}}, {"model": "auth.permission", "pk": 253, "fields": {"name": "Can add 8D Discipline", "content_type": 63, "codename": "add_eightddiscipline"}}, {"model": "auth.permission", "pk": 254, "fields": {"name": "Can change 8D Discipline", "content_type": 63, "codename": "change_eightddiscipline"}}, {"model": "auth.permission", "pk": 255, "fields": {"name": "Can delete 8D Discipline", "content_type": 63, "codename": "delete_eightddiscipline"}}, {"model": "auth.permission", "pk": 256, "fields": {"name": "Can view 8D Discipline", "content_type": 63, "codename": "view_eightddiscipline"}}, {"model": "auth.permission", "pk": 257, "fields": {"name": "Can add 8D Analysis Method", "content_type": 64, "codename": "add_eightdanalysismethod"}}, {"model": "auth.permission", "pk": 258, "fields": {"name": "Can change 8D Analysis Method", "content_type": 64, "codename": "change_eightdanalysismethod"}}, {"model": "auth.permission", "pk": 259, "fields": {"name": "Can delete 8D Analysis Method", "content_type": 64, "codename": "delete_eightdanalysismethod"}}, {"model": "auth.permission", "pk": 260, "fields": {"name": "Can view 8D Analysis Method", "content_type": 64, "codename": "view_eightdanalysismethod"}}, {"model": "auth.permission", "pk": 261, "fields": {"name": "Can add 8D Team Member", "content_type": 65, "codename": "add_eightdteam"}}, {"model": "auth.permission", "pk": 262, "fields": {"name": "Can change 8D Team Member", "content_type": 65, "codename": "change_eightdteam"}}, {"model": "auth.permission", "pk": 263, "fields": {"name": "Can delete 8D Team Member", "content_type": 65, "codename": "delete_eightdteam"}}, {"model": "auth.permission", "pk": 264, "fields": {"name": "Can view 8D Team Member", "content_type": 65, "codename": "view_eightdteam"}}, {"model": "auth.permission", "pk": 265, "fields": {"name": "Can add inspection", "content_type": 66, "codename": "add_inspection"}}, {"model": "auth.permission", "pk": 266, "fields": {"name": "Can change inspection", "content_type": 66, "codename": "change_inspection"}}, {"model": "auth.permission", "pk": 267, "fields": {"name": "Can delete inspection", "content_type": 66, "codename": "delete_inspection"}}, {"model": "auth.permission", "pk": 268, "fields": {"name": "Can view inspection", "content_type": 66, "codename": "view_inspection"}}, {"model": "auth.permission", "pk": 269, "fields": {"name": "Can add ht pre commission template form", "content_type": 67, "codename": "add_htprecommissiontemplateform"}}, {"model": "auth.permission", "pk": 270, "fields": {"name": "Can change ht pre commission template form", "content_type": 67, "codename": "change_htprecommissiontemplateform"}}, {"model": "auth.permission", "pk": 271, "fields": {"name": "Can delete ht pre commission template form", "content_type": 67, "codename": "delete_htprecommissiontemplateform"}}, {"model": "auth.permission", "pk": 272, "fields": {"name": "Can view ht pre commission template form", "content_type": 67, "codename": "view_htprecommissiontemplateform"}}, {"model": "auth.permission", "pk": 273, "fields": {"name": "Can add ht pre commission form", "content_type": 68, "codename": "add_htprecommissionform"}}, {"model": "auth.permission", "pk": 274, "fields": {"name": "Can change ht pre commission form", "content_type": 68, "codename": "change_htprecommissionform"}}, {"model": "auth.permission", "pk": 275, "fields": {"name": "Can delete ht pre commission form", "content_type": 68, "codename": "delete_htprecommissionform"}}, {"model": "auth.permission", "pk": 276, "fields": {"name": "Can view ht pre commission form", "content_type": 68, "codename": "view_htprecommissionform"}}, {"model": "auth.permission", "pk": 277, "fields": {"name": "Can add ht cable checklist form", "content_type": 69, "codename": "add_htcablechecklistform"}}, {"model": "auth.permission", "pk": 278, "fields": {"name": "Can change ht cable checklist form", "content_type": 69, "codename": "change_htcablechecklistform"}}, {"model": "auth.permission", "pk": 279, "fields": {"name": "Can delete ht cable checklist form", "content_type": 69, "codename": "delete_htcablechecklistform"}}, {"model": "auth.permission", "pk": 280, "fields": {"name": "Can view ht cable checklist form", "content_type": 69, "codename": "view_htcablechecklistform"}}, {"model": "auth.permission", "pk": 281, "fields": {"name": "Can add earthing checklist form", "content_type": 70, "codename": "add_earthingchecklistform"}}, {"model": "auth.permission", "pk": 282, "fields": {"name": "Can change earthing checklist form", "content_type": 70, "codename": "change_earthingchecklistform"}}, {"model": "auth.permission", "pk": 283, "fields": {"name": "Can delete earthing checklist form", "content_type": 70, "codename": "delete_earthingchecklistform"}}, {"model": "auth.permission", "pk": 284, "fields": {"name": "Can view earthing checklist form", "content_type": 70, "codename": "view_earthingchecklistform"}}, {"model": "auth.permission", "pk": 285, "fields": {"name": "Can add control room audit checklist form", "content_type": 71, "codename": "add_controlroomauditchecklistform"}}, {"model": "auth.permission", "pk": 286, "fields": {"name": "Can change control room audit checklist form", "content_type": 71, "codename": "change_controlroomauditchecklistform"}}, {"model": "auth.permission", "pk": 287, "fields": {"name": "Can delete control room audit checklist form", "content_type": 71, "codename": "delete_controlroomauditchecklistform"}}, {"model": "auth.permission", "pk": 288, "fields": {"name": "Can view control room audit checklist form", "content_type": 71, "codename": "view_controlroomauditchecklistform"}}, {"model": "auth.permission", "pk": 289, "fields": {"name": "Can add control cable checklist form", "content_type": 72, "codename": "add_controlcablechecklistform"}}, {"model": "auth.permission", "pk": 290, "fields": {"name": "Can change control cable checklist form", "content_type": 72, "codename": "change_controlcablechecklistform"}}, {"model": "auth.permission", "pk": 291, "fields": {"name": "Can delete control cable checklist form", "content_type": 72, "codename": "delete_controlcablechecklistform"}}, {"model": "auth.permission", "pk": 292, "fields": {"name": "Can view control cable checklist form", "content_type": 72, "codename": "view_controlcablechecklistform"}}, {"model": "auth.permission", "pk": 293, "fields": {"name": "Can add concrete pour card form", "content_type": 73, "codename": "add_concretepourcardform"}}, {"model": "auth.permission", "pk": 294, "fields": {"name": "Can change concrete pour card form", "content_type": 73, "codename": "change_concretepourcardform"}}, {"model": "auth.permission", "pk": 295, "fields": {"name": "Can delete concrete pour card form", "content_type": 73, "codename": "delete_concretepourcardform"}}, {"model": "auth.permission", "pk": 296, "fields": {"name": "Can view concrete pour card form", "content_type": 73, "codename": "view_concretepourcardform"}}, {"model": "auth.permission", "pk": 297, "fields": {"name": "Can add civil work checklist form", "content_type": 74, "codename": "add_civilworkchecklistform"}}, {"model": "auth.permission", "pk": 298, "fields": {"name": "Can change civil work checklist form", "content_type": 74, "codename": "change_civilworkchecklistform"}}, {"model": "auth.permission", "pk": 299, "fields": {"name": "Can delete civil work checklist form", "content_type": 74, "codename": "delete_civilworkchecklistform"}}, {"model": "auth.permission", "pk": 300, "fields": {"name": "Can view civil work checklist form", "content_type": 74, "codename": "view_civilworkchecklistform"}}, {"model": "auth.permission", "pk": 301, "fields": {"name": "Can add cement register form", "content_type": 75, "codename": "add_cementregisterform"}}, {"model": "auth.permission", "pk": 302, "fields": {"name": "Can change cement register form", "content_type": 75, "codename": "change_cementregisterform"}}, {"model": "auth.permission", "pk": 303, "fields": {"name": "Can delete cement register form", "content_type": 75, "codename": "delete_cementregisterform"}}, {"model": "auth.permission", "pk": 304, "fields": {"name": "Can view cement register form", "content_type": 75, "codename": "view_cementregisterform"}}, {"model": "auth.permission", "pk": 305, "fields": {"name": "Can add bus duct checklist form", "content_type": 76, "codename": "add_busductchecklistform"}}, {"model": "auth.permission", "pk": 306, "fields": {"name": "Can change bus duct checklist form", "content_type": 76, "codename": "change_busductchecklistform"}}, {"model": "auth.permission", "pk": 307, "fields": {"name": "Can delete bus duct checklist form", "content_type": 76, "codename": "delete_busductchecklistform"}}, {"model": "auth.permission", "pk": 308, "fields": {"name": "Can view bus duct checklist form", "content_type": 76, "codename": "view_busductchecklistform"}}, {"model": "auth.permission", "pk": 309, "fields": {"name": "Can add battery ups checklist form", "content_type": 77, "codename": "add_batteryupschecklistform"}}, {"model": "auth.permission", "pk": 310, "fields": {"name": "Can change battery ups checklist form", "content_type": 77, "codename": "change_batteryupschecklistform"}}, {"model": "auth.permission", "pk": 311, "fields": {"name": "Can delete battery ups checklist form", "content_type": 77, "codename": "delete_batteryupschecklistform"}}, {"model": "auth.permission", "pk": 312, "fields": {"name": "Can view battery ups checklist form", "content_type": 77, "codename": "view_batteryupschecklistform"}}, {"model": "auth.permission", "pk": 313, "fields": {"name": "Can add battery charger checklist form", "content_type": 78, "codename": "add_batterychargerchecklistform"}}, {"model": "auth.permission", "pk": 314, "fields": {"name": "Can change battery charger checklist form", "content_type": 78, "codename": "change_batterychargerchecklistform"}}, {"model": "auth.permission", "pk": 315, "fields": {"name": "Can delete battery charger checklist form", "content_type": 78, "codename": "delete_batterychargerchecklistform"}}, {"model": "auth.permission", "pk": 316, "fields": {"name": "Can view battery charger checklist form", "content_type": 78, "codename": "view_batterychargerchecklistform"}}, {"model": "auth.permission", "pk": 317, "fields": {"name": "Can add bar bending schedule form", "content_type": 79, "codename": "add_barbendingscheduleform"}}, {"model": "auth.permission", "pk": 318, "fields": {"name": "Can change bar bending schedule form", "content_type": 79, "codename": "change_barbendingscheduleform"}}, {"model": "auth.permission", "pk": 319, "fields": {"name": "Can delete bar bending schedule form", "content_type": 79, "codename": "delete_barbendingscheduleform"}}, {"model": "auth.permission", "pk": 320, "fields": {"name": "Can view bar bending schedule form", "content_type": 79, "codename": "view_barbendingscheduleform"}}, {"model": "auth.permission", "pk": 321, "fields": {"name": "Can add acdb checklist form", "content_type": 80, "codename": "add_acdbchecklistform"}}, {"model": "auth.permission", "pk": 322, "fields": {"name": "Can change acdb checklist form", "content_type": 80, "codename": "change_acdbchecklistform"}}, {"model": "auth.permission", "pk": 323, "fields": {"name": "Can delete acdb checklist form", "content_type": 80, "codename": "delete_acdbchecklistform"}}, {"model": "auth.permission", "pk": 324, "fields": {"name": "Can view acdb checklist form", "content_type": 80, "codename": "view_acdbchecklistform"}}, {"model": "auth.permission", "pk": 325, "fields": {"name": "Can add ac cable inspection form", "content_type": 81, "codename": "add_accableinspectionform"}}, {"model": "auth.permission", "pk": 326, "fields": {"name": "Can change ac cable inspection form", "content_type": 81, "codename": "change_accableinspectionform"}}, {"model": "auth.permission", "pk": 327, "fields": {"name": "Can delete ac cable inspection form", "content_type": 81, "codename": "delete_accableinspectionform"}}, {"model": "auth.permission", "pk": 328, "fields": {"name": "Can view ac cable inspection form", "content_type": 81, "codename": "view_accableinspectionform"}}, {"model": "auth.permission", "pk": 329, "fields": {"name": "Can add inspection item", "content_type": 82, "codename": "add_inspectionitem"}}, {"model": "auth.permission", "pk": 330, "fields": {"name": "Can change inspection item", "content_type": 82, "codename": "change_inspectionitem"}}, {"model": "auth.permission", "pk": 331, "fields": {"name": "Can delete inspection item", "content_type": 82, "codename": "delete_inspectionitem"}}, {"model": "auth.permission", "pk": 332, "fields": {"name": "Can view inspection item", "content_type": 82, "codename": "view_inspectionitem"}}, {"model": "auth.permission", "pk": 333, "fields": {"name": "Can add inspection report", "content_type": 83, "codename": "add_inspectionreport"}}, {"model": "auth.permission", "pk": 334, "fields": {"name": "Can change inspection report", "content_type": 83, "codename": "change_inspectionreport"}}, {"model": "auth.permission", "pk": 335, "fields": {"name": "Can delete inspection report", "content_type": 83, "codename": "delete_inspectionreport"}}, {"model": "auth.permission", "pk": 336, "fields": {"name": "Can view inspection report", "content_type": 83, "codename": "view_inspectionreport"}}, {"model": "auth.permission", "pk": 337, "fields": {"name": "Can add pcc checklist form", "content_type": 84, "codename": "add_pccchecklistform"}}, {"model": "auth.permission", "pk": 338, "fields": {"name": "Can change pcc checklist form", "content_type": 84, "codename": "change_pccchecklistform"}}, {"model": "auth.permission", "pk": 339, "fields": {"name": "Can delete pcc checklist form", "content_type": 84, "codename": "delete_pccchecklistform"}}, {"model": "auth.permission", "pk": 340, "fields": {"name": "Can view pcc checklist form", "content_type": 84, "codename": "view_pccchecklistform"}}, {"model": "auth.permission", "pk": 341, "fields": {"name": "Can add doc embedding", "content_type": 85, "codename": "add_docembedding"}}, {"model": "auth.permission", "pk": 342, "fields": {"name": "Can change doc embedding", "content_type": 85, "codename": "change_docembedding"}}, {"model": "auth.permission", "pk": 343, "fields": {"name": "Can delete doc embedding", "content_type": 85, "codename": "delete_docembedding"}}, {"model": "auth.permission", "pk": 344, "fields": {"name": "Can view doc embedding", "content_type": 85, "codename": "view_docembedding"}}, {"model": "auth.permission", "pk": 345, "fields": {"name": "Can add permission request", "content_type": 86, "codename": "add_permissionrequest"}}, {"model": "auth.permission", "pk": 346, "fields": {"name": "Can change permission request", "content_type": 86, "codename": "change_permissionrequest"}}, {"model": "auth.permission", "pk": 347, "fields": {"name": "Can delete permission request", "content_type": 86, "codename": "delete_permissionrequest"}}, {"model": "auth.permission", "pk": 348, "fields": {"name": "Can view permission request", "content_type": 86, "codename": "view_permissionrequest"}}, {"model": "auth.permission", "pk": 349, "fields": {"name": "Can add permission grant", "content_type": 87, "codename": "add_permissiongrant"}}, {"model": "auth.permission", "pk": 350, "fields": {"name": "Can change permission grant", "content_type": 87, "codename": "change_permissiongrant"}}, {"model": "auth.permission", "pk": 351, "fields": {"name": "Can delete permission grant", "content_type": 87, "codename": "delete_permissiongrant"}}, {"model": "auth.permission", "pk": 352, "fields": {"name": "Can view permission grant", "content_type": 87, "codename": "view_permissiongrant"}}, {"model": "auth.permission", "pk": 353, "fields": {"name": "Can add backup", "content_type": 88, "codename": "add_backup"}}, {"model": "auth.permission", "pk": 354, "fields": {"name": "Can change backup", "content_type": 88, "codename": "change_backup"}}, {"model": "auth.permission", "pk": 355, "fields": {"name": "Can delete backup", "content_type": 88, "codename": "delete_backup"}}, {"model": "auth.permission", "pk": 356, "fields": {"name": "Can view backup", "content_type": 88, "codename": "view_backup"}}, {"model": "auth.permission", "pk": 357, "fields": {"name": "Can add system settings", "content_type": 89, "codename": "add_systemsettings"}}, {"model": "auth.permission", "pk": 358, "fields": {"name": "Can change system settings", "content_type": 89, "codename": "change_systemsettings"}}, {"model": "auth.permission", "pk": 359, "fields": {"name": "Can delete system settings", "content_type": 89, "codename": "delete_systemsettings"}}, {"model": "auth.permission", "pk": 360, "fields": {"name": "Can view system settings", "content_type": 89, "codename": "view_systemsettings"}}, {"model": "auth.permission", "pk": 361, "fields": {"name": "Can add emission factor", "content_type": 90, "codename": "add_emissionfactor"}}, {"model": "auth.permission", "pk": 362, "fields": {"name": "Can change emission factor", "content_type": 90, "codename": "change_emissionfactor"}}, {"model": "auth.permission", "pk": 363, "fields": {"name": "Can delete emission factor", "content_type": 90, "codename": "delete_emissionfactor"}}, {"model": "auth.permission", "pk": 364, "fields": {"name": "Can view emission factor", "content_type": 90, "codename": "view_emissionfactor"}}, {"model": "auth.permission", "pk": 365, "fields": {"name": "Can add biodiversity event", "content_type": 91, "codename": "add_biodiversityevent"}}, {"model": "auth.permission", "pk": 366, "fields": {"name": "Can change biodiversity event", "content_type": 91, "codename": "change_biodiversityevent"}}, {"model": "auth.permission", "pk": 367, "fields": {"name": "Can delete biodiversity event", "content_type": 91, "codename": "delete_biodiversityevent"}}, {"model": "auth.permission", "pk": 368, "fields": {"name": "Can view biodiversity event", "content_type": 91, "codename": "view_biodiversityevent"}}, {"model": "auth.permission", "pk": 369, "fields": {"name": "Can add carbon footprint", "content_type": 92, "codename": "add_carbonfootprint"}}, {"model": "auth.permission", "pk": 370, "fields": {"name": "Can change carbon footprint", "content_type": 92, "codename": "change_carbonfootprint"}}, {"model": "auth.permission", "pk": 371, "fields": {"name": "Can delete carbon footprint", "content_type": 92, "codename": "delete_carbonfootprint"}}, {"model": "auth.permission", "pk": 372, "fields": {"name": "Can view carbon footprint", "content_type": 92, "codename": "view_carbonfootprint"}}, {"model": "auth.permission", "pk": 373, "fields": {"name": "Can add energy management", "content_type": 93, "codename": "add_energymanagement"}}, {"model": "auth.permission", "pk": 374, "fields": {"name": "Can change energy management", "content_type": 93, "codename": "change_energymanagement"}}, {"model": "auth.permission", "pk": 375, "fields": {"name": "Can delete energy management", "content_type": 93, "codename": "delete_energymanagement"}}, {"model": "auth.permission", "pk": 376, "fields": {"name": "Can view energy management", "content_type": 93, "codename": "view_energymanagement"}}, {"model": "auth.permission", "pk": 377, "fields": {"name": "Can add environmental incident", "content_type": 94, "codename": "add_environmentalincident"}}, {"model": "auth.permission", "pk": 378, "fields": {"name": "Can change environmental incident", "content_type": 94, "codename": "change_environmentalincident"}}, {"model": "auth.permission", "pk": 379, "fields": {"name": "Can delete environmental incident", "content_type": 94, "codename": "delete_environmentalincident"}}, {"model": "auth.permission", "pk": 380, "fields": {"name": "Can view environmental incident", "content_type": 94, "codename": "view_environmentalincident"}}, {"model": "auth.permission", "pk": 381, "fields": {"name": "Can add environment aspect", "content_type": 95, "codename": "add_environmentaspect"}}, {"model": "auth.permission", "pk": 382, "fields": {"name": "Can change environment aspect", "content_type": 95, "codename": "change_environmentaspect"}}, {"model": "auth.permission", "pk": 383, "fields": {"name": "Can delete environment aspect", "content_type": 95, "codename": "delete_environmentaspect"}}, {"model": "auth.permission", "pk": 384, "fields": {"name": "Can view environment aspect", "content_type": 95, "codename": "view_environmentaspect"}}, {"model": "auth.permission", "pk": 385, "fields": {"name": "Can add esg policy", "content_type": 96, "codename": "add_esgpolicy"}}, {"model": "auth.permission", "pk": 386, "fields": {"name": "Can change esg policy", "content_type": 96, "codename": "change_esgpolicy"}}, {"model": "auth.permission", "pk": 387, "fields": {"name": "Can delete esg policy", "content_type": 96, "codename": "delete_esgpolicy"}}, {"model": "auth.permission", "pk": 388, "fields": {"name": "Can view esg policy", "content_type": 96, "codename": "view_esgpolicy"}}, {"model": "auth.permission", "pk": 389, "fields": {"name": "Can add ghg activity", "content_type": 97, "codename": "add_ghgactivity"}}, {"model": "auth.permission", "pk": 390, "fields": {"name": "Can change ghg activity", "content_type": 97, "codename": "change_ghgactivity"}}, {"model": "auth.permission", "pk": 391, "fields": {"name": "Can delete ghg activity", "content_type": 97, "codename": "delete_ghgactivity"}}, {"model": "auth.permission", "pk": 392, "fields": {"name": "Can view ghg activity", "content_type": 97, "codename": "view_ghgactivity"}}, {"model": "auth.permission", "pk": 393, "fields": {"name": "Can add grievance", "content_type": 98, "codename": "add_grievance"}}, {"model": "auth.permission", "pk": 394, "fields": {"name": "Can change grievance", "content_type": 98, "codename": "change_grievance"}}, {"model": "auth.permission", "pk": 395, "fields": {"name": "Can delete grievance", "content_type": 98, "codename": "delete_grievance"}}, {"model": "auth.permission", "pk": 396, "fields": {"name": "Can view grievance", "content_type": 98, "codename": "view_grievance"}}, {"model": "auth.permission", "pk": 397, "fields": {"name": "Can add sustainability target", "content_type": 99, "codename": "add_sustainabilitytarget"}}, {"model": "auth.permission", "pk": 398, "fields": {"name": "Can change sustainability target", "content_type": 99, "codename": "change_sustainabilitytarget"}}, {"model": "auth.permission", "pk": 399, "fields": {"name": "Can delete sustainability target", "content_type": 99, "codename": "delete_sustainabilitytarget"}}, {"model": "auth.permission", "pk": 400, "fields": {"name": "Can view sustainability target", "content_type": 99, "codename": "view_sustainabilitytarget"}}, {"model": "auth.permission", "pk": 401, "fields": {"name": "Can add waste manifest", "content_type": 100, "codename": "add_wastemanifest"}}, {"model": "auth.permission", "pk": 402, "fields": {"name": "Can change waste manifest", "content_type": 100, "codename": "change_wastemanifest"}}, {"model": "auth.permission", "pk": 403, "fields": {"name": "Can delete waste manifest", "content_type": 100, "codename": "delete_wastemanifest"}}, {"model": "auth.permission", "pk": 404, "fields": {"name": "Can view waste manifest", "content_type": 100, "codename": "view_wastemanifest"}}, {"model": "auth.permission", "pk": 405, "fields": {"name": "Can add water management", "content_type": 101, "codename": "add_watermanagement"}}, {"model": "auth.permission", "pk": 406, "fields": {"name": "Can change water management", "content_type": 101, "codename": "change_watermanagement"}}, {"model": "auth.permission", "pk": 407, "fields": {"name": "Can delete water management", "content_type": 101, "codename": "delete_watermanagement"}}, {"model": "auth.permission", "pk": 408, "fields": {"name": "Can view water management", "content_type": 101, "codename": "view_watermanagement"}}, {"model": "auth.permission", "pk": 409, "fields": {"name": "Can add environmental monitoring", "content_type": 102, "codename": "add_environmentalmonitoring"}}, {"model": "auth.permission", "pk": 410, "fields": {"name": "Can change environmental monitoring", "content_type": 102, "codename": "change_environmentalmonitoring"}}, {"model": "auth.permission", "pk": 411, "fields": {"name": "Can delete environmental monitoring", "content_type": 102, "codename": "delete_environmentalmonitoring"}}, {"model": "auth.permission", "pk": 412, "fields": {"name": "Can view environmental monitoring", "content_type": 102, "codename": "view_environmentalmonitoring"}}, {"model": "auth.permission", "pk": 413, "fields": {"name": "Can add generation data", "content_type": 103, "codename": "add_generationdata"}}, {"model": "auth.permission", "pk": 414, "fields": {"name": "Can change generation data", "content_type": 103, "codename": "change_generationdata"}}, {"model": "auth.permission", "pk": 415, "fields": {"name": "Can delete generation data", "content_type": 103, "codename": "delete_generationdata"}}, {"model": "auth.permission", "pk": 416, "fields": {"name": "Can view generation data", "content_type": 103, "codename": "view_generationdata"}}, {"model": "auth.permission", "pk": 417, "fields": {"name": "Can add quality standard", "content_type": 104, "codename": "add_qualitystandard"}}, {"model": "auth.permission", "pk": 418, "fields": {"name": "Can change quality standard", "content_type": 104, "codename": "change_qualitystandard"}}, {"model": "auth.permission", "pk": 419, "fields": {"name": "Can delete quality standard", "content_type": 104, "codename": "delete_qualitystandard"}}, {"model": "auth.permission", "pk": 420, "fields": {"name": "Can view quality standard", "content_type": 104, "codename": "view_qualitystandard"}}, {"model": "auth.permission", "pk": 421, "fields": {"name": "Can add quality metrics", "content_type": 105, "codename": "add_qualitymetrics"}}, {"model": "auth.permission", "pk": 422, "fields": {"name": "Can change quality metrics", "content_type": 105, "codename": "change_qualitymetrics"}}, {"model": "auth.permission", "pk": 423, "fields": {"name": "Can delete quality metrics", "content_type": 105, "codename": "delete_qualitymetrics"}}, {"model": "auth.permission", "pk": 424, "fields": {"name": "Can view quality metrics", "content_type": 105, "codename": "view_qualitymetrics"}}, {"model": "auth.permission", "pk": 425, "fields": {"name": "Can add quality template", "content_type": 106, "codename": "add_qualitytemplate"}}, {"model": "auth.permission", "pk": 426, "fields": {"name": "Can change quality template", "content_type": 106, "codename": "change_qualitytemplate"}}, {"model": "auth.permission", "pk": 427, "fields": {"name": "Can delete quality template", "content_type": 106, "codename": "delete_qualitytemplate"}}, {"model": "auth.permission", "pk": 428, "fields": {"name": "Can view quality template", "content_type": 106, "codename": "view_qualitytemplate"}}, {"model": "auth.permission", "pk": 429, "fields": {"name": "Can add supplier quality", "content_type": 107, "codename": "add_supplierquality"}}, {"model": "auth.permission", "pk": 430, "fields": {"name": "Can change supplier quality", "content_type": 107, "codename": "change_supplierquality"}}, {"model": "auth.permission", "pk": 431, "fields": {"name": "Can delete supplier quality", "content_type": 107, "codename": "delete_supplierquality"}}, {"model": "auth.permission", "pk": 432, "fields": {"name": "Can view supplier quality", "content_type": 107, "codename": "view_supplierquality"}}, {"model": "auth.permission", "pk": 433, "fields": {"name": "Can add quality inspection", "content_type": 108, "codename": "add_qualityinspection"}}, {"model": "auth.permission", "pk": 434, "fields": {"name": "Can change quality inspection", "content_type": 108, "codename": "change_qualityinspection"}}, {"model": "auth.permission", "pk": 435, "fields": {"name": "Can delete quality inspection", "content_type": 108, "codename": "delete_qualityinspection"}}, {"model": "auth.permission", "pk": 436, "fields": {"name": "Can view quality inspection", "content_type": 108, "codename": "view_qualityinspection"}}, {"model": "auth.permission", "pk": 437, "fields": {"name": "Can add quality alert", "content_type": 109, "codename": "add_qualityalert"}}, {"model": "auth.permission", "pk": 438, "fields": {"name": "Can change quality alert", "content_type": 109, "codename": "change_qualityalert"}}, {"model": "auth.permission", "pk": 439, "fields": {"name": "Can delete quality alert", "content_type": 109, "codename": "delete_qualityalert"}}, {"model": "auth.permission", "pk": 440, "fields": {"name": "Can view quality alert", "content_type": 109, "codename": "view_qualityalert"}}, {"model": "auth.permission", "pk": 441, "fields": {"name": "Can add quality defect", "content_type": 110, "codename": "add_qualitydefect"}}, {"model": "auth.permission", "pk": 442, "fields": {"name": "Can change quality defect", "content_type": 110, "codename": "change_qualitydefect"}}, {"model": "auth.permission", "pk": 443, "fields": {"name": "Can delete quality defect", "content_type": 110, "codename": "delete_qualitydefect"}}, {"model": "auth.permission", "pk": 444, "fields": {"name": "Can view quality defect", "content_type": 110, "codename": "view_qualitydefect"}}, {"model": "contenttypes.contenttype", "pk": 1, "fields": {"app_label": "admin", "model": "logentry"}}, {"model": "contenttypes.contenttype", "pk": 2, "fields": {"app_label": "auth", "model": "permission"}}, {"model": "contenttypes.contenttype", "pk": 3, "fields": {"app_label": "auth", "model": "group"}}, {"model": "contenttypes.contenttype", "pk": 4, "fields": {"app_label": "contenttypes", "model": "contenttype"}}, {"model": "contenttypes.contenttype", "pk": 5, "fields": {"app_label": "sessions", "model": "session"}}, {"model": "contenttypes.contenttype", "pk": 6, "fields": {"app_label": "authentication", "model": "project"}}, {"model": "contenttypes.contenttype", "pk": 7, "fields": {"app_label": "authentication", "model": "customuser"}}, {"model": "contenttypes.contenttype", "pk": 8, "fields": {"app_label": "authentication", "model": "admindetail"}}, {"model": "contenttypes.contenttype", "pk": 9, "fields": {"app_label": "authentication", "model": "companydetail"}}, {"model": "contenttypes.contenttype", "pk": 10, "fields": {"app_label": "authentication", "model": "notificationpreference"}}, {"model": "contenttypes.contenttype", "pk": 11, "fields": {"app_label": "authentication", "model": "projectattendance"}}, {"model": "contenttypes.contenttype", "pk": 12, "fields": {"app_label": "authentication", "model": "userdetail"}}, {"model": "contenttypes.contenttype", "pk": 13, "fields": {"app_label": "authentication", "model": "notification"}}, {"model": "contenttypes.contenttype", "pk": 14, "fields": {"app_label": "chatbox", "model": "message"}}, {"model": "contenttypes.contenttype", "pk": 15, "fields": {"app_label": "worker", "model": "worker"}}, {"model": "contenttypes.contenttype", "pk": 16, "fields": {"app_label": "tbt", "model": "toolboxtalk"}}, {"model": "contenttypes.contenttype", "pk": 17, "fields": {"app_label": "tbt", "model": "toolboxtalkattendance"}}, {"model": "contenttypes.contenttype", "pk": 18, "fields": {"app_label": "inductiontraining", "model": "inductiontraining"}}, {"model": "contenttypes.contenttype", "pk": 19, "fields": {"app_label": "inductiontraining", "model": "inductionattendance"}}, {"model": "contenttypes.contenttype", "pk": 20, "fields": {"app_label": "jobtraining", "model": "jobtraining"}}, {"model": "contenttypes.contenttype", "pk": 21, "fields": {"app_label": "jobtraining", "model": "jobtrainingattendance"}}, {"model": "contenttypes.contenttype", "pk": 22, "fields": {"app_label": "mom", "model": "mom"}}, {"model": "contenttypes.contenttype", "pk": 23, "fields": {"app_label": "mom", "model": "participantattendance"}}, {"model": "contenttypes.contenttype", "pk": 24, "fields": {"app_label": "mom", "model": "participantresponse"}}, {"model": "contenttypes.contenttype", "pk": 25, "fields": {"app_label": "safetyobservation", "model": "safetyobservation"}}, {"model": "contenttypes.contenttype", "pk": 26, "fields": {"app_label": "safetyobservation", "model": "safetyobservationfile"}}, {"model": "contenttypes.contenttype", "pk": 27, "fields": {"app_label": "ptw", "model": "hazardlibrary"}}, {"model": "contenttypes.contenttype", "pk": 28, "fields": {"app_label": "ptw", "model": "notificationtemplate"}}, {"model": "contenttypes.contenttype", "pk": 29, "fields": {"app_label": "ptw", "model": "permittype"}}, {"model": "contenttypes.contenttype", "pk": 30, "fields": {"app_label": "ptw", "model": "systemintegration"}}, {"model": "contenttypes.contenttype", "pk": 31, "fields": {"app_label": "ptw", "model": "compliancereport"}}, {"model": "contenttypes.contenttype", "pk": 32, "fields": {"app_label": "ptw", "model": "permit"}}, {"model": "contenttypes.contenttype", "pk": 33, "fields": {"app_label": "ptw", "model": "gasreading"}}, {"model": "contenttypes.contenttype", "pk": 34, "fields": {"app_label": "ptw", "model": "permitextension"}}, {"model": "contenttypes.contenttype", "pk": 35, "fields": {"app_label": "ptw", "model": "permithazard"}}, {"model": "contenttypes.contenttype", "pk": 36, "fields": {"app_label": "ptw", "model": "permitphoto"}}, {"model": "contenttypes.contenttype", "pk": 37, "fields": {"app_label": "ptw", "model": "escalationrule"}}, {"model": "contenttypes.contenttype", "pk": 38, "fields": {"app_label": "ptw", "model": "permitworker"}}, {"model": "contenttypes.contenttype", "pk": 39, "fields": {"app_label": "ptw", "model": "workflowinstance"}}, {"model": "contenttypes.contenttype", "pk": 40, "fields": {"app_label": "ptw", "model": "workflowstep"}}, {"model": "contenttypes.contenttype", "pk": 41, "fields": {"app_label": "ptw", "model": "workflowtemplate"}}, {"model": "contenttypes.contenttype", "pk": 42, "fields": {"app_label": "ptw", "model": "digitalsignature"}}, {"model": "contenttypes.contenttype", "pk": 43, "fields": {"app_label": "ptw", "model": "permitapproval"}}, {"model": "contenttypes.contenttype", "pk": 44, "fields": {"app_label": "ptw", "model": "permitaudit"}}, {"model": "contenttypes.contenttype", "pk": 45, "fields": {"app_label": "manpower", "model": "worktype"}}, {"model": "contenttypes.contenttype", "pk": 46, "fields": {"app_label": "manpower", "model": "dailymanpowersummary"}}, {"model": "contenttypes.contenttype", "pk": 47, "fields": {"app_label": "manpower", "model": "manpowerentry"}}, {"model": "contenttypes.contenttype", "pk": 48, "fields": {"app_label": "incidentmanagement", "model": "incidentcategory"}}, {"model": "contenttypes.contenttype", "pk": 49, "fields": {"app_label": "incidentmanagement", "model": "eightdprocess"}}, {"model": "contenttypes.contenttype", "pk": 50, "fields": {"app_label": "incidentmanagement", "model": "eightdpreventionaction"}}, {"model": "contenttypes.contenttype", "pk": 51, "fields": {"app_label": "incidentmanagement", "model": "eightdcontainmentaction"}}, {"model": "contenttypes.contenttype", "pk": 52, "fields": {"app_label": "incidentmanagement", "model": "eightdrootcause"}}, {"model": "contenttypes.contenttype", "pk": 53, "fields": {"app_label": "incidentmanagement", "model": "eightdcorrectiveaction"}}, {"model": "contenttypes.contenttype", "pk": 54, "fields": {"app_label": "incidentmanagement", "model": "incident"}}, {"model": "contenttypes.contenttype", "pk": 55, "fields": {"app_label": "incidentmanagement", "model": "incidentattachment"}}, {"model": "contenttypes.contenttype", "pk": 56, "fields": {"app_label": "incidentmanagement", "model": "incidentauditlog"}}, {"model": "contenttypes.contenttype", "pk": 57, "fields": {"app_label": "incidentmanagement", "model": "incidentcostcenter"}}, {"model": "contenttypes.contenttype", "pk": 58, "fields": {"app_label": "incidentmanagement", "model": "incidentlearning"}}, {"model": "contenttypes.contenttype", "pk": 59, "fields": {"app_label": "incidentmanagement", "model": "incidentmetrics"}}, {"model": "contenttypes.contenttype", "pk": 60, "fields": {"app_label": "incidentmanagement", "model": "incidentnotification"}}, {"model": "contenttypes.contenttype", "pk": 61, "fields": {"app_label": "incidentmanagement", "model": "incidentworkflow"}}, {"model": "contenttypes.contenttype", "pk": 62, "fields": {"app_label": "incidentmanagement", "model": "riskassessmenttemplate"}}, {"model": "contenttypes.contenttype", "pk": 63, "fields": {"app_label": "incidentmanagement", "model": "eightddiscipline"}}, {"model": "contenttypes.contenttype", "pk": 64, "fields": {"app_label": "incidentmanagement", "model": "eightdanalysismethod"}}, {"model": "contenttypes.contenttype", "pk": 65, "fields": {"app_label": "incidentmanagement", "model": "eightdteam"}}, {"model": "contenttypes.contenttype", "pk": 66, "fields": {"app_label": "inspection", "model": "inspection"}}, {"model": "contenttypes.contenttype", "pk": 67, "fields": {"app_label": "inspection", "model": "htprecommissiontemplateform"}}, {"model": "contenttypes.contenttype", "pk": 68, "fields": {"app_label": "inspection", "model": "htprecommissionform"}}, {"model": "contenttypes.contenttype", "pk": 69, "fields": {"app_label": "inspection", "model": "htcablechecklistform"}}, {"model": "contenttypes.contenttype", "pk": 70, "fields": {"app_label": "inspection", "model": "earthingchecklistform"}}, {"model": "contenttypes.contenttype", "pk": 71, "fields": {"app_label": "inspection", "model": "controlroomauditchecklistform"}}, {"model": "contenttypes.contenttype", "pk": 72, "fields": {"app_label": "inspection", "model": "controlcablechecklistform"}}, {"model": "contenttypes.contenttype", "pk": 73, "fields": {"app_label": "inspection", "model": "concretepourcardform"}}, {"model": "contenttypes.contenttype", "pk": 74, "fields": {"app_label": "inspection", "model": "civilworkchecklistform"}}, {"model": "contenttypes.contenttype", "pk": 75, "fields": {"app_label": "inspection", "model": "cementregisterform"}}, {"model": "contenttypes.contenttype", "pk": 76, "fields": {"app_label": "inspection", "model": "busductchecklistform"}}, {"model": "contenttypes.contenttype", "pk": 77, "fields": {"app_label": "inspection", "model": "batteryupschecklistform"}}, {"model": "contenttypes.contenttype", "pk": 78, "fields": {"app_label": "inspection", "model": "batterychargerchecklistform"}}, {"model": "contenttypes.contenttype", "pk": 79, "fields": {"app_label": "inspection", "model": "barbendingscheduleform"}}, {"model": "contenttypes.contenttype", "pk": 80, "fields": {"app_label": "inspection", "model": "acdbchecklistform"}}, {"model": "contenttypes.contenttype", "pk": 81, "fields": {"app_label": "inspection", "model": "accableinspectionform"}}, {"model": "contenttypes.contenttype", "pk": 82, "fields": {"app_label": "inspection", "model": "inspectionitem"}}, {"model": "contenttypes.contenttype", "pk": 83, "fields": {"app_label": "inspection", "model": "inspectionreport"}}, {"model": "contenttypes.contenttype", "pk": 84, "fields": {"app_label": "inspection", "model": "pccchecklistform"}}, {"model": "contenttypes.contenttype", "pk": 85, "fields": {"app_label": "ai_bot", "model": "docembedding"}}, {"model": "contenttypes.contenttype", "pk": 86, "fields": {"app_label": "permissions", "model": "permissionrequest"}}, {"model": "contenttypes.contenttype", "pk": 87, "fields": {"app_label": "permissions", "model": "permissiongrant"}}, {"model": "contenttypes.contenttype", "pk": 88, "fields": {"app_label": "system", "model": "backup"}}, {"model": "contenttypes.contenttype", "pk": 89, "fields": {"app_label": "system", "model": "systemsettings"}}, {"model": "contenttypes.contenttype", "pk": 90, "fields": {"app_label": "environment", "model": "emissionfactor"}}, {"model": "contenttypes.contenttype", "pk": 91, "fields": {"app_label": "environment", "model": "biodiversityevent"}}, {"model": "contenttypes.contenttype", "pk": 92, "fields": {"app_label": "environment", "model": "carbonfootprint"}}, {"model": "contenttypes.contenttype", "pk": 93, "fields": {"app_label": "environment", "model": "energymanagement"}}, {"model": "contenttypes.contenttype", "pk": 94, "fields": {"app_label": "environment", "model": "environmentalincident"}}, {"model": "contenttypes.contenttype", "pk": 95, "fields": {"app_label": "environment", "model": "environmentaspect"}}, {"model": "contenttypes.contenttype", "pk": 96, "fields": {"app_label": "environment", "model": "esgpolicy"}}, {"model": "contenttypes.contenttype", "pk": 97, "fields": {"app_label": "environment", "model": "ghgactivity"}}, {"model": "contenttypes.contenttype", "pk": 98, "fields": {"app_label": "environment", "model": "grievance"}}, {"model": "contenttypes.contenttype", "pk": 99, "fields": {"app_label": "environment", "model": "sustainabilitytarget"}}, {"model": "contenttypes.contenttype", "pk": 100, "fields": {"app_label": "environment", "model": "wastemanifest"}}, {"model": "contenttypes.contenttype", "pk": 101, "fields": {"app_label": "environment", "model": "watermanagement"}}, {"model": "contenttypes.contenttype", "pk": 102, "fields": {"app_label": "environment", "model": "environmentalmonitoring"}}, {"model": "contenttypes.contenttype", "pk": 103, "fields": {"app_label": "environment", "model": "generationdata"}}, {"model": "contenttypes.contenttype", "pk": 104, "fields": {"app_label": "quality", "model": "qualitystandard"}}, {"model": "contenttypes.contenttype", "pk": 105, "fields": {"app_label": "quality", "model": "qualitymetrics"}}, {"model": "contenttypes.contenttype", "pk": 106, "fields": {"app_label": "quality", "model": "qualitytemplate"}}, {"model": "contenttypes.contenttype", "pk": 107, "fields": {"app_label": "quality", "model": "supplierquality"}}, {"model": "contenttypes.contenttype", "pk": 108, "fields": {"app_label": "quality", "model": "qualityinspection"}}, {"model": "contenttypes.contenttype", "pk": 109, "fields": {"app_label": "quality", "model": "qualityalert"}}, {"model": "contenttypes.contenttype", "pk": 110, "fields": {"app_label": "quality", "model": "qualitydefect"}}, {"model": "authentication.project", "pk": 1, "fields": {"projectName": "Test Project", "projectCategory": "construction", "capacity": "100MW", "location": "Test Location", "latitude": null, "longitude": null, "nearestPoliceStation": "Test Police", "nearestPoliceStationContact": "123456789", "nearestHospital": "Test Hospital", "nearestHospitalContact": "987654321", "commencementDate": "2024-01-01", "deadlineDate": "2025-12-31"}}, {"model": "authentication.project", "pk": 2, "fields": {"projectName": "Default Project", "projectCategory": "construction", "capacity": "100MW", "location": "Default Location", "latitude": null, "longitude": null, "nearestPoliceStation": "Local Police", "nearestPoliceStationContact": "9123456789", "nearestHospital": "Local Hospital", "nearestHospitalContact": "9876543210", "commencementDate": "2024-01-01", "deadlineDate": "2025-12-31"}}, {"model": "authentication.project", "pk": 3, "fields": {"projectName": "TU14", "projectCategory": "power_and_energy", "capacity": "16MW", "location": "Ottapidaram, Tamil Nadu", "latitude": 8.9503305, "longitude": 78.018177, "nearestPoliceStation": "OTTAPIDARAM", "nearestPoliceStationContact": "9997868788", "nearestHospital": "Aaramba Sugathara Maiyam", "nearestHospitalContact": "7898988656", "commencementDate": "2025-12-01", "deadlineDate": "2026-12-31"}}, {"model": "authentication.project", "pk": 4, "fields": {"projectName": "Torrent Urja 17 Private Limited", "projectCategory": "power_and_energy", "capacity": "4 MW", "location": "Madurai, Madurai North, Madurai, Tamil Nadu, 625014, India", "latitude": 9.985230931212172, "longitude": 78.14583634286953, "nearestPoliceStation": "Ottapidaram", "nearestPoliceStationContact": "1452369872", "nearestHospital": "Ottapidaram", "nearestHospitalContact": "9856214763", "commencementDate": "2025-12-21", "deadlineDate": "2026-06-20"}}, {"model": "authentication.project", "pk": 5, "fields": {"projectName": "Test Athens Project", "projectCategory": "governments", "capacity": "100 MW", "location": "Madurai, Tamil Nadu", "latitude": 9.913178, "longitude": 78.128667, "nearestPoliceStation": "East veli Street Police Station", "nearestPoliceStationContact": "9893899211", "nearestHospital": "CSI Christian Mission Hospital", "nearestHospitalContact": "9782472891", "commencementDate": "2025-12-01", "deadlineDate": "2026-12-31"}}, {"model": "authentication.project", "pk": 7, "fields": {"projectName": "Green Energy Solar Project", "projectCategory": "governments", "capacity": "100 MW", "location": "Madurai, Tamil Nadu", "latitude": 9.9252007, "longitude": 78.1197754, "nearestPoliceStation": "Periyakulam Police Station", "nearestPoliceStationContact": "0452488253", "nearestHospital": "Government Medical College Hospital,Madurai", "nearestHospitalContact": "9876543210", "commencementDate": "2025-12-01", "deadlineDate": "2026-12-31"}}, {"model": "authentication.project", "pk": 8, "fields": {"projectName": "Torrent Saurya Urja 3 Private Limited", "projectCategory": "power_and_energy", "capacity": "15MW", "location": "Melukamanahalli Mysore Handicrafts Emporium, 571111", "latitude": 11.7156856, "longitude": 76.6430745, "nearestPoliceStation": "Gundlupet", "nearestPoliceStationContact": "6382794652", "nearestHospital": "Gundlupet", "nearestHospitalContact": "1258974563", "commencementDate": "2025-12-22", "deadlineDate": "2026-06-20"}}, {"model": "authentication.project", "pk": 9, "fields": {"projectName": "Athenas", "projectCategory": "logistics", "capacity": "1000 sqft", "location": "Madurai, Tamil Nadu", "latitude": 9.982718, "longitude": 78.143738, "nearestPoliceStation": "Thirupalai Police Station", "nearestPoliceStationContact": "9874938943", "nearestHospital": "Thirupalai Hospital", "nearestHospitalContact": "9897973922", "commencementDate": "2025-12-01", "deadlineDate": "2026-12-31"}}, {"model": "authentication.project", "pk": 11, "fields": {"projectName": "Bangalore International Airport Limited", "projectCategory": "power_and_energy", "capacity": "100MW", "location": "Madurai, Tamil Nadu", "latitude": 9.9589098, "longitude": 78.1443174, "nearestPoliceStation": "Periyakulam Police Station", "nearestPoliceStationContact": "0452488253", "nearestHospital": "Government Medical College Hospital,Madurai", "nearestHospitalContact": "6380328692", "commencementDate": "2024-01-01", "deadlineDate": "2025-12-31"}}, {"model": "authentication.project", "pk": 13, "fields": {"projectName": "Torrent Urja 22 PVT LTD", "projectCategory": "power_and_energy", "capacity": "9MW", "location": "Unknown City, Tamil Nadu", "latitude": 9.981348996624273, "longitude": 78.14311086010362, "nearestPoliceStation": "Ullendrupet", "nearestPoliceStationContact": "6380795088", "nearestHospital": "Ullendrupet", "nearestHospitalContact": "9080654027", "commencementDate": "2025-12-25", "deadlineDate": "2026-06-20"}}, {"model": "authentication.customuser", "pk": 4, "fields": {"password": "pbkdf2_sha256$1000000$FCiq8yIkboZIJv4SN6Kd8R$b0Tu/4WIHyMzNBvk/Up6qkjMKlle18KMzIIKSuYWB4A=", "last_login": null, "is_superuser": true, "username": "test", "email": "test@test.com", "user_type": "projectadmin", "project": 1, "admin_type": "master", "company_name": null, "registered_address": null, "name": null, "surname": null, "department": null, "designation": null, "grade": null, "phone_number": null, "created_by": null, "is_autogenerated_password": true, "is_password_reset_required": false, "is_active": true, "is_staff": true, "esg_role": null, "esg_assigned_sites": [], "groups": [], "user_permissions": []}}, {"model": "authentication.customuser", "pk": 5, "fields": {"password": "pbkdf2_sha256$1000000$eYHu3CQ36X2q437QDHMOFj$Qvk0dAkQCF/01vXg7KOdvEwTxd2wVas2yL/zBtC3Mps=", "last_login": null, "is_superuser": true, "username": "master", "email": "master@athens.com", "user_type": "master", "project": 1, "admin_type": "master", "company_name": null, "registered_address": null, "name": null, "surname": null, "department": null, "designation": null, "grade": null, "phone_number": null, "created_by": null, "is_autogenerated_password": true, "is_password_reset_required": false, "is_active": true, "is_staff": true, "esg_role": null, "esg_assigned_sites": [], "groups": [], "user_permissions": []}}, {"model": "authentication.customuser", "pk": 6, "fields": {"password": "pbkdf2_sha256$1000000$fQsiEWWmh4OCz1C9FzWS6X$0RD/yYLtYx1q8rxgUicBGjZoqrL0hM3kp8xJaZinm00=", "last_login": null, "is_superuser": false, "username": "superadmin", "email": null, "user_type": "superadmin", "project": 1, "admin_type": null, "company_name": null, "registered_address": null, "name": null, "surname": null, "department": null, "designation": null, "grade": null, "phone_number": null, "created_by": null, "is_autogenerated_password": true, "is_password_reset_required": true, "is_active": true, "is_staff": true, "esg_role": null, "esg_assigned_sites": [], "groups": [], "user_permissions": []}}, {"model": "authentication.customuser", "pk": 7, "fields": {"password": "pbkdf2_sha256$1000000$sAorQrk7EHJJwkXYr59PBb$5EozqUjiAvZ3FCh02d3GLpAdCToJwbm5moNYpjPfh98=", "last_login": null, "is_superuser": false, "username": "masteradmin", "email": null, "user_type": "masteradmin", "project": 1, "admin_type": null, "company_name": null, "registered_address": null, "name": null, "surname": null, "department": null, "designation": null, "grade": null, "phone_number": null, "created_by": null, "is_autogenerated_password": true, "is_password_reset_required": true, "is_active": true, "is_staff": true, "esg_role": null, "esg_assigned_sites": [], "groups": [], "user_permissions": []}}, {"model": "authentication.customuser", "pk": 12, "fields": {"password": "pbkdf2_sha256$1000000$8bO4OuVneEuPOdfcqWh7QS$FsGpZOF0GrFlX9TWYEq9JalUYHOhprFqiZbydV5UZ7M=", "last_login": null, "is_superuser": false, "username": "adminuser", "email": null, "user_type": "adminuser", "project": 1, "admin_type": "clientuser", "company_name": null, "registered_address": null, "name": null, "surname": null, "department": null, "designation": null, "grade": null, "phone_number": null, "created_by": null, "is_autogenerated_password": true, "is_password_reset_required": true, "is_active": true, "is_staff": true, "esg_role": null, "esg_assigned_sites": [], "groups": [], "user_permissions": []}}, {"model": "authentication.customuser", "pk": 13, "fields": {"password": "pbkdf2_sha256$1000000$BdH6KRqOcZQnwfbILfLaMW$zVeYWMThw1WSXUYwlnbizniMSIJSZMvvq+NJ4+Xu70k=", "last_login": null, "is_superuser": true, "username": "admin", "email": "admin@athens.com", "user_type": "projectadmin", "project": 2, "admin_type": "master", "company_name": null, "registered_address": null, "name": null, "surname": null, "department": null, "designation": null, "grade": null, "phone_number": null, "created_by": null, "is_autogenerated_password": true, "is_password_reset_required": true, "is_active": true, "is_staff": true, "esg_role": null, "esg_assigned_sites": [], "groups": [], "user_permissions": []}}, {"model": "authentication.customuser", "pk": 14, "fields": {"password": "pbkdf2_sha256$1000000$eyO0qmlqoSW1r7qcB3ozsa$t/TQqXngw2DgcV30vbxqjvGit3IUUIjviUNcU6NpQBs=", "last_login": null, "is_superuser": false, "username": "Client@TU14", "email": null, "user_type": "projectadmin", "project": 3, "admin_type": "client", "company_name": "Torrent Saurya Urja 14 Pvt Ltd", "registered_address": "\"Samanvay\", 600, Tapovan, Ambavadi, Ahmedabad-380015 (Gujarat)\nPhone No. : +91-79-26628000\nFax No: +91-79-26764159", "name": "Abishek Singh", "surname": null, "department": null, "designation": null, "grade": "C", "phone_number": null, "created_by": null, "is_autogenerated_password": false, "is_password_reset_required": false, "is_active": true, "is_staff": false, "esg_role": null, "esg_assigned_sites": [], "groups": [], "user_permissions": []}}, {"model": "authentication.customuser", "pk": 15, "fields": {"password": "pbkdf2_sha256$1000000$3ZegA8qWIpXcuzOHV6qJ3g$Fd5Z7uYP023lPNoCWZOP8bOwi5+5GoPdQKjdIpj1RZ0=", "last_login": null, "is_superuser": false, "username": "Nelson", "email": null, "user_type": "projectadmin", "project": 4, "admin_type": "client", "company_name": "BK Green Energy", "registered_address": "PLot No 81, Poriyalar Nagar 4 th street, Thiruppalai, \nMadurai - 625014", "name": null, "surname": null, "department": null, "designation": null, "grade": "C", "phone_number": null, "created_by": null, "is_autogenerated_password": false, "is_password_reset_required": false, "is_active": true, "is_staff": false, "esg_role": null, "esg_assigned_sites": [], "groups": [], "user_permissions": []}}, {"model": "authentication.customuser", "pk": 16, "fields": {"password": "pbkdf2_sha256$1000000$HaA96P5kADiSTih0XrWPmx$xEDGXu765SbEcndPWRbYj0dUzEqs0mAWp9RxzjY0xGA=", "last_login": null, "is_superuser": false, "username": "Harini", "email": null, "user_type": "projectadmin", "project": 4, "admin_type": "epc", "company_name": "Prozeal Green Energy Limited", "registered_address": "Gujarath", "name": null, "surname": null, "department": null, "designation": null, "grade": "C", "phone_number": null, "created_by": null, "is_autogenerated_password": true, "is_password_reset_required": true, "is_active": true, "is_staff": false, "esg_role": null, "esg_assigned_sites": [], "groups": [], "user_permissions": []}}, {"model": "authentication.customuser", "pk": 17, "fields": {"password": "pbkdf2_sha256$1000000$s7L5BuD4raX0dzaWKL6qqK$WfA570oKWXhtUxmrryz/n/OS2RneWgohDfr0Ryk4kus=", "last_login": null, "is_superuser": false, "username": "Karthick", "email": null, "user_type": "projectadmin", "project": 4, "admin_type": "contractor", "company_name": "BK Construction", "registered_address": "Uranganpatti, Melur, Madurai - 625012", "name": null, "surname": null, "department": null, "designation": null, "grade": "C", "phone_number": null, "created_by": null, "is_autogenerated_password": true, "is_password_reset_required": true, "is_active": true, "is_staff": false, "esg_role": null, "esg_assigned_sites": [], "groups": [], "user_permissions": []}}, {"model": "authentication.customuser", "pk": 18, "fields": {"password": "pbkdf2_sha256$1000000$P714VGa87oc8NkBaw7tYMq$jaaJnAqbxQPUViuov9S/mLcswXBe7yPaNymoZtjtiSw=", "last_login": null, "is_superuser": false, "username": "Yazhini", "email": "yazhini@bkgreenenergy.com", "user_type": "adminuser", "project": 4, "admin_type": "clientuser", "company_name": "BK Green Energy", "registered_address": null, "name": "Yazhini", "surname": "S", "department": "Quality", "designation": "SiteIncharge", "grade": "A", "phone_number": "9654123587", "created_by": 15, "is_autogenerated_password": true, "is_password_reset_required": true, "is_active": true, "is_staff": false, "esg_role": null, "esg_assigned_sites": [], "groups": [], "user_permissions": []}}, {"model": "authentication.customuser", "pk": 19, "fields": {"password": "pbkdf2_sha256$1000000$utWmHeXSRYt2iqgE74WMab$L50Env3ZAjsMvcMBJk8qXWEOiajvNXttNuYbEuxHyDw=", "last_login": null, "is_superuser": false, "username": "Siva", "email": "siva@bkgreenenergy.com", "user_type": "adminuser", "project": 4, "admin_type": "clientuser", "company_name": "BK Green Energy", "registered_address": null, "name": "Siva", "surname": "Kumar", "department": "Safety", "designation": "Supervisor", "grade": "C", "phone_number": "7895468231", "created_by": 15, "is_autogenerated_password": true, "is_password_reset_required": true, "is_active": true, "is_staff": false, "esg_role": null, "esg_assigned_sites": [], "groups": [], "user_permissions": []}}, {"model": "authentication.customuser", "pk": 20, "fields": {"password": "pbkdf2_sha256$1000000$KkxNqyEqcdQxq5t3DKw9sP$dRcUbHjGCv4Lxui43jEkDX0AgMk4EXXibcLfybg5TnQ=", "last_login": null, "is_superuser": false, "username": "Vinoth", "email": "vinoth@bkgreenenergy.com", "user_type": "adminuser", "project": 4, "admin_type": "clientuser", "company_name": "BK Green Energy", "registered_address": null, "name": "Vinoth", "surname": "M", "department": "Inventory", "designation": "Supervisor", "grade": "C", "phone_number": "7896541232", "created_by": 15, "is_autogenerated_password": true, "is_password_reset_required": true, "is_active": true, "is_staff": false, "esg_role": null, "esg_assigned_sites": [], "groups": [], "user_permissions": []}}, {"model": "authentication.customuser", "pk": 21, "fields": {"password": "pbkdf2_sha256$1000000$Qln7zSUInX9MTajzj2SXXX$wWI+sCxVgernXpmUya/SodzjfZJHn0SM8pjY2egPZ8w=", "last_login": null, "is_superuser": false, "username": "Bala", "email": "bala@bkgreenenergy.com", "user_type": "adminuser", "project": 4, "admin_type": "clientuser", "company_name": "BK Green Energy", "registered_address": null, "name": "Bala", "surname": "Guru", "department": "Project/Execution", "designation": "TeamLeader", "grade": "B", "phone_number": "9845123698", "created_by": 15, "is_autogenerated_password": true, "is_password_reset_required": true, "is_active": true, "is_staff": false, "esg_role": null, "esg_assigned_sites": [], "groups": [], "user_permissions": []}}, {"model": "authentication.customuser", "pk": 22, "fields": {"password": "pbkdf2_sha256$1000000$n47RTP1uZQGImFsNYSaVtu$kRZEgfZ0lsIxZSp83OZSzZaIDZ7HxeNBsSdrKm+/z/g=", "last_login": null, "is_superuser": false, "username": "eshwar@tu14.com", "email": "eshwar@tu14.com", "user_type": "adminuser", "project": 3, "admin_type": "clientuser", "company_name": "Torrent Saurya Urja 14 Pvt Ltd", "registered_address": null, "name": "Eshwar", "surname": "Poti", "department": "Project/Execution", "designation": "Manager", "grade": "B", "phone_number": "9878654323", "created_by": 14, "is_autogenerated_password": false, "is_password_reset_required": false, "is_active": true, "is_staff": false, "esg_role": null, "esg_assigned_sites": [], "groups": [], "user_permissions": []}}, {"model": "authentication.customuser", "pk": 30, "fields": {"password": "pbkdf2_sha256$1000000$pIOeyph1FOSVWLfGuBwQaC$7O/90Y44Rku0wBBVxDr1lZjL3aOgzCPc/DD5f+gsoXg=", "last_login": null, "is_superuser": false, "username": "Ramesh", "email": null, "user_type": "projectadmin", "project": 8, "admin_type": "client", "company_name": "Torrent Saurya Urja 3 Private Limited", "registered_address": "Automotive Axel\nVillage Somahalli, District\nChamarajnagara,Taluka Gundlupet, Mysore", "name": null, "surname": null, "department": null, "designation": null, "grade": "C", "phone_number": null, "created_by": null, "is_autogenerated_password": true, "is_password_reset_required": true, "is_active": true, "is_staff": false, "esg_role": null, "esg_assigned_sites": [], "groups": [], "user_permissions": []}}, {"model": "authentication.customuser", "pk": 31, "fields": {"password": "pbkdf2_sha256$1000000$Q6XsOsYTN48yVmJAshfI6b$kOkxJAWLvVR9ulUrmJ3wRnvE4rsvlRQR5tPs4zjLy3E=", "last_login": null, "is_superuser": false, "username": "Suresh", "email": null, "user_type": "projectadmin", "project": 8, "admin_type": "epc", "company_name": "Prozeal Green Energy Limited", "registered_address": "West Wing, 1209-1212, STRATUM @ Venus Grounds, Near Jhasi Ki Rani Statue, Nehru nagar, Ahmedabad - 380015, India", "name": null, "surname": null, "department": null, "designation": null, "grade": "C", "phone_number": null, "created_by": null, "is_autogenerated_password": true, "is_password_reset_required": true, "is_active": true, "is_staff": false, "esg_role": null, "esg_assigned_sites": [], "groups": [], "user_permissions": []}}, {"model": "authentication.customuser", "pk": 32, "fields": {"password": "pbkdf2_sha256$1000000$r4HZSELQ32Q5o7G574OlyQ$zfPV6vxLrUE3qx2Zr8yf870ZpUh3j5FzXU3EFm1WFAg=", "last_login": null, "is_superuser": false, "username": "Rajesh", "email": null, "user_type": "projectadmin", "project": 8, "admin_type": "contractor", "company_name": "Excel tech Energy", "registered_address": "Near Jhasi Ki Rani Statue, Nehru nagar, Ahmedabad - 380015, India", "name": null, "surname": null, "department": null, "designation": null, "grade": "C", "phone_number": null, "created_by": null, "is_autogenerated_password": false, "is_password_reset_required": false, "is_active": true, "is_staff": false, "esg_role": null, "esg_assigned_sites": [], "groups": [], "user_permissions": []}}, {"model": "authentication.customuser", "pk": 33, "fields": {"password": "pbkdf2_sha256$1000000$e0BkXjD0WEhqtCFGmY3RkI$0VvmDcvqQp5Ns3Mc813LPewLy9q0Yfcfb93hHMNdDpE=", "last_login": null, "is_superuser": false, "username": "Clinton", "email": null, "user_type": "projectadmin", "project": 9, "admin_type": "client", "company_name": "AK116", "registered_address": "East Gate, Madurai", "name": "Clinton", "surname": null, "department": null, "designation": null, "grade": "C", "phone_number": null, "created_by": null, "is_autogenerated_password": false, "is_password_reset_required": false, "is_active": true, "is_staff": false, "esg_role": null, "esg_assigned_sites": [], "groups": [], "user_permissions": []}}, {"model": "authentication.customuser", "pk": 35, "fields": {"password": "pbkdf2_sha256$1000000$JPArgyZAeToqehs3IH6pZD$REGHVa7KLH3yVHLRpko6xFnN5d30fjxJAgbGxt+567w=", "last_login": null, "is_superuser": false, "username": "Ramya", "email": null, "user_type": "projectadmin", "project": 5, "admin_type": "epc", "company_name": "Prozeal Green Energy Limited", "registered_address": "West Wing, 1209-1212, STRATUM @ Venus Grounds, Near Jhasi Ki Rani Statue, Nehru nagar, Ahmedabad - 380015, India", "name": null, "surname": null, "department": null, "designation": null, "grade": "C", "phone_number": null, "created_by": null, "is_autogenerated_password": true, "is_password_reset_required": true, "is_active": true, "is_staff": false, "esg_role": null, "esg_assigned_sites": [], "groups": [], "user_permissions": []}}, {"model": "authentication.customuser", "pk": 36, "fields": {"password": "pbkdf2_sha256$1000000$msHO2toMJgz0b2NJxvUJ4q$MmUS3y4YufDihuBTmdiB7Ns4gmDSOFo8p7O975O59aI=", "last_login": null, "is_superuser": false, "username": "Nelson1", "email": null, "user_type": "projectadmin", "project": 3, "admin_type": "epc", "company_name": "Prozeal Green Energy Limited", "registered_address": "West Wing, 1209-1212, STRATUM @ Venus Grounds, Near Jhasi Ki Rani Statue, Nehru nagar, Ahmedabad - 380015, India", "name": "Gobi", "surname": null, "department": null, "designation": null, "grade": "C", "phone_number": null, "created_by": null, "is_autogenerated_password": true, "is_password_reset_required": true, "is_active": true, "is_staff": false, "esg_role": null, "esg_assigned_sites": [], "groups": [], "user_permissions": []}}, {"model": "authentication.customuser", "pk": 37, "fields": {"password": "pbkdf2_sha256$1000000$zxeY4YXGHYE8fWULLjZIMI$td7c0+drS0CTYxxvG+5cZs87cDN+t22q/OIa1bQGhoU=", "last_login": null, "is_superuser": false, "username": "John", "email": null, "user_type": "projectadmin", "project": 9, "admin_type": "epc", "company_name": "Prozeal Green Energy Limited", "registered_address": "West Wing, 1209-1212, STRATUM @ Venus Grounds, Near Jhasi Ki Rani Statue, Nehru nagar, Ahmedabad - 380015, India", "name": "John", "surname": null, "department": null, "designation": null, "grade": "C", "phone_number": null, "created_by": null, "is_autogenerated_password": false, "is_password_reset_required": false, "is_active": true, "is_staff": false, "esg_role": null, "esg_assigned_sites": [], "groups": [], "user_permissions": []}}, {"model": "authentication.customuser", "pk": 38, "fields": {"password": "pbkdf2_sha256$1000000$8Zabz7LSNoD43HzoWa69pO$GssFHBDWxOflUbxEXm5Z1SgODEAYx0yQRIaNM0D5hZ4=", "last_login": null, "is_superuser": false, "username": "Simon", "email": null, "user_type": "projectadmin", "project": 9, "admin_type": "contractor", "company_name": "AK116", "registered_address": "No. 45, 2nd Floor, Anna Nagar East,\nChennai  600102, Tamil Nadu, India", "name": "Simon", "surname": null, "department": null, "designation": null, "grade": "C", "phone_number": null, "created_by": null, "is_autogenerated_password": false, "is_password_reset_required": false, "is_active": true, "is_staff": false, "esg_role": null, "esg_assigned_sites": [], "groups": [], "user_permissions": []}}, {"model": "authentication.customuser", "pk": 40, "fields": {"password": "pbkdf2_sha256$1000000$bGYICO41r5uW0RwkIflnD0$vU5t+Ter7VlPXeHBUKYv3XWGJsa4u0Rs+4V0Ld9Ebx8=", "last_login": null, "is_superuser": false, "username": "Joel", "email": "joel@gmail.com", "user_type": "adminuser", "project": 9, "admin_type": "epcuser", "company_name": "Prozeal Green Energy Limited", "registered_address": null, "name": "Joel", "surname": "Blesswin", "department": "Inventory", "designation": "TeamLeader", "grade": "B", "phone_number": "9876543212", "created_by": 37, "is_autogenerated_password": false, "is_password_reset_required": false, "is_active": true, "is_staff": false, "esg_role": null, "esg_assigned_sites": [], "groups": [], "user_permissions": []}}, {"model": "authentication.customuser", "pk": 41, "fields": {"password": "pbkdf2_sha256$1000000$NqYdMBuqVe4oen0HNLFrNu$colnwuVAP8nF53d533x5TLxeunVEuq3z1U6SDMKW+Mc=", "last_login": null, "is_superuser": false, "username": "Wesley", "email": "wesley@gmail.com", "user_type": "adminuser", "project": 9, "admin_type": "clientuser", "company_name": "AK116", "registered_address": null, "name": "Wesley", "surname": "John", "department": "Inventory", "designation": "Manager", "grade": "A", "phone_number": "7858986353", "created_by": 33, "is_autogenerated_password": false, "is_password_reset_required": false, "is_active": true, "is_staff": false, "esg_role": null, "esg_assigned_sites": [], "groups": [], "user_permissions": []}}, {"model": "authentication.customuser", "pk": 43, "fields": {"password": "pbkdf2_sha256$1000000$dAwF9uSsAuxrSNkEJGYuz1$1D+d00UaiocQAEDBlkkKjybOwzDYihVGp6wH4TXiHDs=", "last_login": null, "is_superuser": false, "username": "Jabez", "email": "jabez@gmail.com", "user_type": "adminuser", "project": 9, "admin_type": "contractoruser", "company_name": "AK116", "registered_address": null, "name": "Jabez", "surname": "Peter", "department": "Safety", "designation": "Assistant", "grade": "B", "phone_number": "9879678678", "created_by": 38, "is_autogenerated_password": false, "is_password_reset_required": false, "is_active": true, "is_staff": false, "esg_role": null, "esg_assigned_sites": [], "groups": [], "user_permissions": []}}, {"model": "authentication.customuser", "pk": 44, "fields": {"password": "pbkdf2_sha256$1000000$SKtUacIw9uTvVe72OxRRv6$K294K9vwId+gzcV7Q8HHfQKaxdhkdU8HX9xdpThobX0=", "last_login": null, "is_superuser": false, "username": "ravi", "email": "ravi.nair@ak116.com", "user_type": "adminuser", "project": 9, "admin_type": "epcuser", "company_name": "Prozeal Green Energy Limited", "registered_address": null, "name": "Ravi", "surname": "Nair", "department": "Safety", "designation": "Manager", "grade": "C", "phone_number": "9876543212", "created_by": 37, "is_autogenerated_password": false, "is_password_reset_required": false, "is_active": true, "is_staff": false, "esg_role": null, "esg_assigned_sites": [], "groups": [], "user_permissions": []}}, {"model": "authentication.customuser", "pk": 46, "fields": {"password": "pbkdf2_sha256$1000000$xz30JEN3kepiuBsZhxr3ws$a9f2LRxluOiTVW/wPfdLruvX+998ZNBinPEnvJ5WQOI=", "last_login": null, "is_superuser": false, "username": "vinoth", "email": "vinoth.r@ak116.com", "user_type": "adminuser", "project": 9, "admin_type": "epcuser", "company_name": "Prozeal Green Energy Limited", "registered_address": null, "name": "Vinoth", "surname": "R", "department": "Safety", "designation": "TeamLeader", "grade": "B", "phone_number": "9876543212", "created_by": 37, "is_autogenerated_password": true, "is_password_reset_required": true, "is_active": true, "is_staff": false, "esg_role": null, "esg_assigned_sites": [], "groups": [], "user_permissions": []}}, {"model": "authentication.customuser", "pk": 48, "fields": {"password": "pbkdf2_sha256$1000000$Ri2tmHmDjJEWSz3TAS1unf$8PY+SEGvchoqUmEQLH6lNpO8EJefEDBW+N+ALICrRag=", "last_login": null, "is_superuser": false, "username": "sneha", "email": "sneha.iyer@ak116.com", "user_type": "adminuser", "project": 9, "admin_type": "epcuser", "company_name": "Prozeal Green Energy Limited", "registered_address": null, "name": "Sneha", "surname": "Iyer", "department": "Safety", "designation": "Manager", "grade": "B", "phone_number": "9876543212", "created_by": 37, "is_autogenerated_password": false, "is_password_reset_required": false, "is_active": true, "is_staff": false, "esg_role": null, "esg_assigned_sites": [], "groups": [], "user_permissions": []}}, {"model": "authentication.customuser", "pk": 49, "fields": {"password": "pbkdf2_sha256$1000000$O74UAjw47eTeRcsebeRdCW$IG70Jo+Uia4WteRBd1O9a0D1NZx6OLqdr7eC86cXbN4=", "last_login": null, "is_superuser": false, "username": "Arun.s", "email": null, "user_type": "projectadmin", "project": 7, "admin_type": "client", "company_name": "Green Horizon Energy Private Limited", "registered_address": "No. 18, Anna Nagar West,\nMadurai Road,\nTheni District,\nTamil Nadu  625531, India.", "name": "Arun", "surname": null, "department": null, "designation": null, "grade": "C", "phone_number": null, "created_by": null, "is_autogenerated_password": false, "is_password_reset_required": false, "is_active": true, "is_staff": false, "esg_role": null, "esg_assigned_sites": [], "groups": [], "user_permissions": []}}, {"model": "authentication.customuser", "pk": 50, "fields": {"password": "pbkdf2_sha256$1000000$l4UKR5D5L6AXpSt8MftQI5$LF/T7MNmkEID4Wnmmqf2AlPBYveVdW7vQWkn2NTA8MQ=", "last_login": null, "is_superuser": false, "username": "Praveen.k", "email": null, "user_type": "projectadmin", "project": 7, "admin_type": "epc", "company_name": "SunPeak Renewable Energy Private Limited", "registered_address": "No. 32, Nehru Nagar,\nCumbum Main Road,\nTheni District,\nTamil Nadu  625516, India.", "name": null, "surname": null, "department": null, "designation": null, "grade": "C", "phone_number": null, "created_by": null, "is_autogenerated_password": false, "is_password_reset_required": false, "is_active": true, "is_staff": false, "esg_role": null, "esg_assigned_sites": [], "groups": [], "user_permissions": []}}, {"model": "authentication.customuser", "pk": 51, "fields": {"password": "pbkdf2_sha256$1000000$HXEZuViHqFgwB8kzdq5sXa$9L+kpcpCM8tLdx/6kw6Jaop4AB/PEwj60lIHCWIaSH0=", "last_login": null, "is_superuser": false, "username": "priya", "email": "priya.sharma@ak116.com", "user_type": "adminuser", "project": 9, "admin_type": "clientuser", "company_name": "AK116", "registered_address": null, "name": "Priya", "surname": "Sharma", "department": "Safety", "designation": "Engineer", "grade": "C", "phone_number": "9123456789", "created_by": 33, "is_autogenerated_password": false, "is_password_reset_required": false, "is_active": true, "is_staff": false, "esg_role": null, "esg_assigned_sites": [], "groups": [], "user_permissions": []}}, {"model": "authentication.customuser", "pk": 52, "fields": {"password": "pbkdf2_sha256$1000000$WnuB7XPiQDVOU0l36aPcAW$5YbWDePwXn4gJjyC2R4UdL+PN2VMwOfjTCPSJPz7sJo=", "last_login": null, "is_superuser": false, "username": "arun", "email": "arun.kumar@ak116.com", "user_type": "adminuser", "project": 9, "admin_type": "clientuser", "company_name": "AK116", "registered_address": null, "name": "Arun", "surname": "Kumar", "department": "Inventory", "designation": "TeamLeader", "grade": "B", "phone_number": "9876543210", "created_by": 33, "is_autogenerated_password": false, "is_password_reset_required": false, "is_active": true, "is_staff": false, "esg_role": null, "esg_assigned_sites": [], "groups": [], "user_permissions": []}}, {"model": "authentication.customuser", "pk": 53, "fields": {"password": "pbkdf2_sha256$1000000$sB3kNONxnGTHvtCinpgsLb$CliSczrfMscGaopM7T/MljtamfBF7sZeX4HuuBEmtBI=", "last_login": null, "is_superuser": false, "username": "Vijay.R", "email": null, "user_type": "projectadmin", "project": 7, "admin_type": "contractor", "company_name": "Vara Infra Projects Private Limited", "registered_address": "No. 64, 2nd Floor,\nBypass Road,\nAndipatti, Theni District,\nTamil Nadu  625512, India.", "name": "Vijay", "surname": null, "department": null, "designation": null, "grade": "C", "phone_number": null, "created_by": null, "is_autogenerated_password": false, "is_password_reset_required": false, "is_active": true, "is_staff": false, "esg_role": null, "esg_assigned_sites": [], "groups": [], "user_permissions": []}}, {"model": "authentication.customuser", "pk": 54, "fields": {"password": "pbkdf2_sha256$1000000$loWzrwk5bKh8dBvpMULO2e$KIKFNHg+Ym/zGIpeRXUX9IwxN0H4OZJHNDIv3zHjdKs=", "last_login": null, "is_superuser": false, "username": "sathish", "email": "sathish.vel@ak116.com", "user_type": "adminuser", "project": 9, "admin_type": "clientuser", "company_name": "AK116", "registered_address": null, "name": "Sathish", "surname": "Vel", "department": "Safety", "designation": "Manager", "grade": "B", "phone_number": "9783334234", "created_by": 33, "is_autogenerated_password": false, "is_password_reset_required": false, "is_active": true, "is_staff": false, "esg_role": null, "esg_assigned_sites": [], "groups": [], "user_permissions": []}}, {"model": "authentication.customuser", "pk": 55, "fields": {"password": "pbkdf2_sha256$1000000$5FZUnDHZ9CmwWsqUhN2eof$rGel2mRqKDbTDLeIGKrfOyyGYkNT0UK5pxnvZrm0qQg=", "last_login": null, "is_superuser": false, "username": "deepak", "email": "deepak.singh@ak116.com", "user_type": "adminuser", "project": 9, "admin_type": "contractoruser", "company_name": "AK116", "registered_address": null, "name": "Deepak", "surname": "Singh", "department": "Safety", "designation": "SiteIncharge", "grade": "A", "phone_number": "9345678908", "created_by": 38, "is_autogenerated_password": true, "is_password_reset_required": true, "is_active": true, "is_staff": false, "esg_role": null, "esg_assigned_sites": [], "groups": [], "user_permissions": []}}, {"model": "authentication.customuser", "pk": 56, "fields": {"password": "pbkdf2_sha256$1000000$9f3qsGjlbfu4e4czCx21WK$Rkgs5HSqI2oifzZNVqfizwPxekVcbwLT9OpVtJItA5I=", "last_login": null, "is_superuser": false, "username": "kavitha", "email": "kavitha.r@ak116.com", "user_type": "adminuser", "project": 9, "admin_type": "contractoruser", "company_name": "AK116", "registered_address": null, "name": "Kavitha", "surname": "R", "department": "Project/Execution", "designation": "Assistant", "grade": "C", "phone_number": "9345689066", "created_by": 38, "is_autogenerated_password": true, "is_password_reset_required": true, "is_active": true, "is_staff": false, "esg_role": null, "esg_assigned_sites": [], "groups": [], "user_permissions": []}}, {"model": "authentication.customuser", "pk": 57, "fields": {"password": "pbkdf2_sha256$1000000$H1dUXiJ4meHT2WUBI3jr1v$/Mm9FwMvD5V7HsK+06H2ubvFjosmuZw6k37XnGWWF4c=", "last_login": null, "is_superuser": false, "username": "harry", "email": "harry.potter@ak116.com", "user_type": "adminuser", "project": 9, "admin_type": "contractoruser", "company_name": "AK116", "registered_address": null, "name": "Harry", "surname": "Potter", "department": "Inventory", "designation": "Supervisor", "grade": "B", "phone_number": "9873947493", "created_by": 38, "is_autogenerated_password": false, "is_password_reset_required": false, "is_active": true, "is_staff": false, "esg_role": null, "esg_assigned_sites": [], "groups": [], "user_permissions": []}}, {"model": "authentication.customuser", "pk": 58, "fields": {"password": "pbkdf2_sha256$1000000$a9Uree6WV1IJNazehWaxgW$vfLntISZkTiFiSqi8hrltnGZws3mEkxVARnBTCuula8=", "last_login": null, "is_superuser": false, "username": "vijay.r", "email": "arjun.m@varainfra.com", "user_type": "adminuser", "project": 7, "admin_type": "contractoruser", "company_name": "Vara Infra Projects Private Limited", "registered_address": null, "name": "Arjun", "surname": "Rajendran", "department": "Project/Execution", "designation": "Assistant", "grade": "C", "phone_number": "9876543210", "created_by": 53, "is_autogenerated_password": true, "is_password_reset_required": true, "is_active": true, "is_staff": false, "esg_role": null, "esg_assigned_sites": [], "groups": [], "user_permissions": []}}, {"model": "authentication.customuser", "pk": 59, "fields": {"password": "pbkdf2_sha256$1000000$YtjurbQmYVTC1BNoKsgAj1$sHEL417z7G8ZzbWuGb7SBC6WojPg3lOM06wGQHa2YHg=", "last_login": null, "is_superuser": false, "username": "Robert", "email": "robert@gmail.com", "user_type": "adminuser", "project": 9, "admin_type": "epcuser", "company_name": "Prozeal Green Energy Limited", "registered_address": null, "name": "Robert", "surname": "Pattinson", "department": "Inventory", "designation": "TeamLeader", "grade": "B", "phone_number": "8768567865", "created_by": 37, "is_autogenerated_password": false, "is_password_reset_required": false, "is_active": true, "is_staff": false, "esg_role": null, "esg_assigned_sites": [], "groups": [], "user_permissions": []}}, {"model": "authentication.customuser", "pk": 60, "fields": {"password": "pbkdf2_sha256$1000000$XgCOyvlTl9OnDmFOHKNwtI$VAtsrI1KopYB2aHUEL5I4McqnZnQMTEh/pLiaIDLh2M=", "last_login": null, "is_superuser": false, "username": "ramesh.k", "email": null, "user_type": "projectadmin", "project": 11, "admin_type": "client", "company_name": "Vara Green Energy Private Limited", "registered_address": "No. 12, Industrial Layout,\nSIPCOT Phase-II,\nHosur, Tamil Nadu  635126, India.", "name": null, "surname": null, "department": null, "designation": null, "grade": "C", "phone_number": null, "created_by": null, "is_autogenerated_password": false, "is_password_reset_required": false, "is_active": true, "is_staff": false, "esg_role": null, "esg_assigned_sites": [], "groups": [], "user_permissions": []}}, {"model": "authentication.customuser", "pk": 61, "fields": {"password": "pbkdf2_sha256$1000000$N45W82ijFHJUIuQn5iTnhz$wHnDiN3AEqnHBel22ujIBxVQw1+N8d/GRBDO8msoKnQ=", "last_login": null, "is_superuser": false, "username": "Aravind", "email": null, "user_type": "projectadmin", "project": 11, "admin_type": "epc", "company_name": "Prozeal Solar & Power Systems Limited", "registered_address": "West Wing, 12091212, STRATUM @ Brigade Tech Gardens,\nPattandur Agrahara, Whitefield,\nBengaluru, Karnataka  560066, India.", "name": null, "surname": null, "department": null, "designation": null, "grade": "C", "phone_number": null, "created_by": null, "is_autogenerated_password": true, "is_password_reset_required": true, "is_active": true, "is_staff": false, "esg_role": null, "esg_assigned_sites": [], "groups": [], "user_permissions": []}}, {"model": "authentication.customuser", "pk": 62, "fields": {"password": "pbkdf2_sha256$1000000$QdVuW5fOLtbSxLT61pRR7V$LffSq2cUAIf3xAE1C41ojNgtqrE/1PVCNrMX41rDvmQ=", "last_login": null, "is_superuser": false, "username": "karthik kumar", "email": null, "user_type": "projectadmin", "project": 11, "admin_type": "contractor", "company_name": "Vara Infra & Civil Works Private Limited", "registered_address": "No. 88, Industrial Estate Road,\nSIPCOT Phase-I,\nHosur, Tamil Nadu  635126, India.", "name": null, "surname": null, "department": null, "designation": null, "grade": "C", "phone_number": null, "created_by": null, "is_autogenerated_password": true, "is_password_reset_required": true, "is_active": true, "is_staff": false, "esg_role": null, "esg_assigned_sites": [], "groups": [], "user_permissions": []}}, {"model": "authentication.customuser", "pk": 63, "fields": {"password": "pbkdf2_sha256$1000000$SwdaQCYxsfZ0mzijFNFzrc$SrcJLOSi2yapQSHiIu5dm5m2ic8lCthVojJ1NdQQSc8=", "last_login": null, "is_superuser": false, "username": "Arun", "email": null, "user_type": "projectadmin", "project": 13, "admin_type": "client", "company_name": "Torrent Urja 22 PVT LTD", "registered_address": "Phoenix Mill solar PV Plant\nUllendrupet , Tamil Nadu.", "name": "Arun", "surname": null, "department": null, "designation": null, "grade": "C", "phone_number": null, "created_by": null, "is_autogenerated_password": false, "is_password_reset_required": false, "is_active": true, "is_staff": false, "esg_role": null, "esg_assigned_sites": [], "groups": [], "user_permissions": []}}, {"model": "authentication.customuser", "pk": 64, "fields": {"password": "pbkdf2_sha256$1000000$FyFr8rPGwtTU1WuFllZKxi$+Pl/NDEDcYH1zwLI9rjtbmGh36oSd7z7wUXPi7l9JAQ=", "last_login": null, "is_superuser": false, "username": "Pradharshan", "email": null, "user_type": "projectadmin", "project": 13, "admin_type": "epc", "company_name": "Prozeal Green Energy Limited", "registered_address": "West Wing, 1209-1212, STRATUM @ Venus Grounds, Near Jhasi Ki Rani Statue, Nehru nagar, Ahmedabad - 380015, India", "name": "Pradharshan", "surname": null, "department": null, "designation": null, "grade": "C", "phone_number": null, "created_by": null, "is_autogenerated_password": false, "is_password_reset_required": false, "is_active": true, "is_staff": false, "esg_role": null, "esg_assigned_sites": [], "groups": [], "user_permissions": []}}, {"model": "authentication.customuser", "pk": 65, "fields": {"password": "pbkdf2_sha256$1000000$b6NDr7CRNI1ajg9YwRhbdO$LzWFRe0Yqg5EQANB4s2YcGWXRwvKm61pTMzfVL2QPHI=", "last_login": null, "is_superuser": false, "username": "Chandru", "email": null, "user_type": "projectadmin", "project": 13, "admin_type": "contractor", "company_name": "BK Green Energy", "registered_address": "Plot no 81, Desk no: 01, Poriyalar Nagar,  4th Street, Thiruppalai, Madurai - 625014", "name": "Chandru", "surname": null, "department": null, "designation": null, "grade": "C", "phone_number": null, "created_by": null, "is_autogenerated_password": false, "is_password_reset_required": false, "is_active": true, "is_staff": false, "esg_role": null, "esg_assigned_sites": [], "groups": [], "user_permissions": []}}, {"model": "authentication.customuser", "pk": 66, "fields": {"password": "pbkdf2_sha256$1000000$JpyDDcrzQRb43JKJlin2Vi$02hQJcchslkM6gKtC8NbtBKBjKXmJfdzgX+XRNtY57s=", "last_login": null, "is_superuser": false, "username": "amit.sharma", "email": "amit.sharma@torrent.co.in", "user_type": "adminuser", "project": 13, "admin_type": "clientuser", "company_name": "Torrent Urja 22 PVT LTD", "registered_address": null, "name": "Amit", "surname": "Sharma", "department": "Quality", "designation": "Engineer", "grade": "C", "phone_number": "9876543210", "created_by": 63, "is_autogenerated_password": false, "is_password_reset_required": false, "is_active": true, "is_staff": false, "esg_role": null, "esg_assigned_sites": [], "groups": [], "user_permissions": []}}, {"model": "authentication.customuser", "pk": 67, "fields": {"password": "pbkdf2_sha256$1000000$M1CZBZyxg7Jlbaf6UGw5XD$PeC996UtgLsqmAOMhYacEic77jMz48N6mdWEL4t/2S4=", "last_login": null, "is_superuser": false, "username": "neha.verma", "email": "neha.verma@torrent.co.in", "user_type": "adminuser", "project": 13, "admin_type": "clientuser", "company_name": "Torrent Urja 22 PVT LTD", "registered_address": null, "name": "Neha", "surname": "Verma", "department": "Quality", "designation": "TeamLeader", "grade": "B", "phone_number": "9123456789", "created_by": 63, "is_autogenerated_password": false, "is_password_reset_required": false, "is_active": true, "is_staff": false, "esg_role": null, "esg_assigned_sites": [], "groups": [], "user_permissions": []}}, {"model": "authentication.customuser", "pk": 68, "fields": {"password": "pbkdf2_sha256$1000000$CvcFBs3BXZmttryRL1T4UT$As8ueHAfO8tq9ZTOAd2PfnuyyO2BvFRyqtSEfrmQdA0=", "last_login": null, "is_superuser": false, "username": "rohit.kapoor", "email": "rohit.kapoor@torrent.co.in", "user_type": "adminuser", "project": 13, "admin_type": "clientuser", "company_name": "Torrent Urja 22 PVT LTD", "registered_address": null, "name": "Rohit", "surname": "Kapoor", "department": "Quality", "designation": "Manager", "grade": "B", "phone_number": "9988776655", "created_by": 63, "is_autogenerated_password": false, "is_password_reset_required": false, "is_active": true, "is_staff": false, "esg_role": null, "esg_assigned_sites": [], "groups": [], "user_permissions": []}}, {"model": "authentication.customuser", "pk": 69, "fields": {"password": "pbkdf2_sha256$1000000$jvja3cYqvVP5CGbHeYJ6Pa$BH/j12mkshoTBJlNepdUAZF2Xpa8Nd2a8JetOu6CsiA=", "last_login": null, "is_superuser": false, "username": "priya.nair", "email": "priya.nair@torrent.co.in", "user_type": "adminuser", "project": 13, "admin_type": "clientuser", "company_name": "Torrent Urja 22 PVT LTD", "registered_address": null, "name": "Priya", "surname": "Nair", "department": "Quality", "designation": "Engineer", "grade": "C", "phone_number": "9090909090", "created_by": 63, "is_autogenerated_password": false, "is_password_reset_required": false, "is_active": true, "is_staff": false, "esg_role": null, "esg_assigned_sites": [], "groups": [], "user_permissions": []}}, {"model": "authentication.customuser", "pk": 71, "fields": {"password": "pbkdf2_sha256$1000000$oarBBGKjng3Zr3dCcHM6JC$gCe543vIOIQ/UirJYlDUub44vLsP1d9NfTvQbJkLsnE=", "last_login": null, "is_superuser": false, "username": "vikram.singh", "email": "vikram.singh@torrent.co.in", "user_type": "adminuser", "project": 13, "admin_type": "clientuser", "company_name": "Torrent Urja 22 PVT LTD", "registered_address": null, "name": "Vikram", "surname": "Singh", "department": "Safety", "designation": "TeamLeader", "grade": "B", "phone_number": "9812345678", "created_by": 63, "is_autogenerated_password": false, "is_password_reset_required": false, "is_active": true, "is_staff": false, "esg_role": null, "esg_assigned_sites": [], "groups": [], "user_permissions": []}}, {"model": "authentication.customuser", "pk": 73, "fields": {"password": "pbkdf2_sha256$1000000$XFkXN4GrXLrEBKlVM8uVB9$RtIjCutQLJVQK2aYSmfuxtK34Dt0oKiOss5laccLXfA=", "last_login": null, "is_superuser": false, "username": "sanjay.patel", "email": "sanjay.patel@torrent.co.in", "user_type": "adminuser", "project": 13, "admin_type": "clientuser", "company_name": "Torrent Urja 22 PVT LTD", "registered_address": null, "name": "Sanjay", "surname": "Patel", "department": "Safety", "designation": "Manager", "grade": "B", "phone_number": "9765432109", "created_by": 63, "is_autogenerated_password": false, "is_password_reset_required": false, "is_active": true, "is_staff": false, "esg_role": null, "esg_assigned_sites": [], "groups": [], "user_permissions": []}}, {"model": "authentication.customuser", "pk": 74, "fields": {"password": "pbkdf2_sha256$1000000$BpUwh9sxts1sdTO5YvdSsv$/u0PpAE5IuDmLseSF1OGdrR57+64GM7oabp5F5ytZSs=", "last_login": null, "is_superuser": false, "username": "pooja.jain", "email": "pooja.jain@torrent.co.in", "user_type": "adminuser", "project": 13, "admin_type": "clientuser", "company_name": "Torrent Urja 22 PVT LTD", "registered_address": null, "name": "pooja", "surname": "Jain", "department": "Inventory", "designation": "Supervisor", "grade": "C", "phone_number": "9654321098", "created_by": 63, "is_autogenerated_password": false, "is_password_reset_required": false, "is_active": true, "is_staff": false, "esg_role": null, "esg_assigned_sites": [], "groups": [], "user_permissions": []}}, {"model": "authentication.customuser", "pk": 75, "fields": {"password": "pbkdf2_sha256$1000000$Wz6hOvAh6yzRGp9PnooYXO$6R4DHKAHWBgDAFbUrDV+ob5pmkoIf9hNBgMoF6g9cdM=", "last_login": null, "is_superuser": false, "username": "rahul.malhotra", "email": "rahul.malhotra@torrent.co.in", "user_type": "adminuser", "project": 13, "admin_type": "clientuser", "company_name": "Torrent Urja 22 PVT LTD", "registered_address": null, "name": "Rahul", "surname": "Malhotra", "department": "Inventory", "designation": "Assistant", "grade": "C", "phone_number": "9543210987", "created_by": 63, "is_autogenerated_password": false, "is_password_reset_required": false, "is_active": true, "is_staff": false, "esg_role": null, "esg_assigned_sites": [], "groups": [], "user_permissions": []}}, {"model": "authentication.customuser", "pk": 76, "fields": {"password": "pbkdf2_sha256$1000000$d6n3KBXoW1ZCqFSM9blzLb$TMPOXroMinNn5FNmegQD5a3psf9x+jLFozgYjUR1a8U=", "last_login": null, "is_superuser": false, "username": "sneha.iyer", "email": "sneha.iyer@torrent.co.in", "user_type": "adminuser", "project": 13, "admin_type": "clientuser", "company_name": "Torrent Urja 22 PVT LTD", "registered_address": null, "name": "Sneha", "surname": "Iyer", "department": "Project/Execution", "designation": "SiteIncharge", "grade": "A", "phone_number": "9432109876", "created_by": 63, "is_autogenerated_password": false, "is_password_reset_required": false, "is_active": true, "is_staff": false, "esg_role": null, "esg_assigned_sites": [], "groups": [], "user_permissions": []}}, {"model": "authentication.customuser", "pk": 77, "fields": {"password": "pbkdf2_sha256$1000000$pXEeBZIdHPrEhJBINU5ifb$Mq/a8OJ0KocnbmFQnAh4vycv+DINg9epmJrocPEZUmU=", "last_login": null, "is_superuser": false, "username": "arjun.reddy", "email": "arjun.reddy@torrent.co.in", "user_type": "adminuser", "project": 13, "admin_type": "clientuser", "company_name": "Torrent Urja 22 PVT LTD", "registered_address": null, "name": "Arjun", "surname": "Reddy", "department": "Project/Execution", "designation": "TeamLeader", "grade": "B", "phone_number": "9321098765", "created_by": 63, "is_autogenerated_password": false, "is_password_reset_required": false, "is_active": true, "is_staff": false, "esg_role": null, "esg_assigned_sites": [], "groups": [], "user_permissions": []}}, {"model": "authentication.customuser", "pk": 78, "fields": {"password": "pbkdf2_sha256$1000000$CMl6vY5EF7vxPXf5hZMaRZ$dFHKcU6K0BwzLrLjWV48DvrNC/HxGNPypWjPLSXtQsw=", "last_login": null, "is_superuser": false, "username": "kavita.desai", "email": "kavita.desai@torrent.co.in", "user_type": "adminuser", "project": 13, "admin_type": "clientuser", "company_name": "Torrent Urja 22 PVT LTD", "registered_address": null, "name": "Kavita", "surname": "Desai", "department": "Project/Execution", "designation": "Manager", "grade": "B", "phone_number": "9210987654", "created_by": 63, "is_autogenerated_password": false, "is_password_reset_required": false, "is_active": true, "is_staff": false, "esg_role": null, "esg_assigned_sites": [], "groups": [], "user_permissions": []}}, {"model": "authentication.customuser", "pk": 79, "fields": {"password": "pbkdf2_sha256$1000000$Z0TqbC1ATSEf9UYkOp1Dlh$9kugAThCduxJCAu6UeumQs3dr9ewn3NftXGJH0GvCzw=", "last_login": null, "is_superuser": false, "username": "manish.gupta", "email": "manish.gupta@torrent.co.in", "user_type": "adminuser", "project": 13, "admin_type": "clientuser", "company_name": "Torrent Urja 22 PVT LTD", "registered_address": null, "name": "Manish", "surname": "Gupta", "department": "Project/Execution", "designation": "Engineer", "grade": "C", "phone_number": "9109876543", "created_by": 63, "is_autogenerated_password": false, "is_password_reset_required": false, "is_active": true, "is_staff": false, "esg_role": null, "esg_assigned_sites": [], "groups": [], "user_permissions": []}}, {"model": "authentication.customuser", "pk": 80, "fields": {"password": "pbkdf2_sha256$1000000$ijlitF0JOve4kUlnelGk9R$iFusbhxA925vimN8rXoHIlmXHRdQh1bGdm3/VTduhi8=", "last_login": null, "is_superuser": false, "username": "ritu.chopra", "email": "ritu.chopra@torrent.co.in", "user_type": "adminuser", "project": 13, "admin_type": "clientuser", "company_name": "Torrent Urja 22 PVT LTD", "registered_address": null, "name": "Ritu", "surname": "Chopra", "department": "Project/Execution", "designation": "Supervisor", "grade": "C", "phone_number": "9998887776", "created_by": 63, "is_autogenerated_password": false, "is_password_reset_required": false, "is_active": true, "is_staff": false, "esg_role": null, "esg_assigned_sites": [], "groups": [], "user_permissions": []}}, {"model": "authentication.customuser", "pk": 81, "fields": {"password": "pbkdf2_sha256$1000000$CgtJwBfnwUiGXbEukmjHIq$/5Xh3Bz/jTQGn8C7XS97va7BlF/THBO7gzpwoA7SzsY=", "last_login": null, "is_superuser": false, "username": "anjali.mehta", "email": "anjali.mehta@torrent.co.in", "user_type": "adminuser", "project": 13, "admin_type": "clientuser", "company_name": "Torrent Urja 22 PVT LTD", "registered_address": null, "name": "Anjali", "surname": "Mehta", "department": "Safety", "designation": "Engineer", "grade": "C", "phone_number": "9898989898", "created_by": 63, "is_autogenerated_password": false, "is_password_reset_required": false, "is_active": true, "is_staff": false, "esg_role": null, "esg_assigned_sites": [], "groups": [], "user_permissions": []}}, {"model": "authentication.customuser", "pk": 84, "fields": {"password": "pbkdf2_sha256$1000000$4XAf4fKxPIWtNZ6fm7JrIA$bxp38laRT/o5b6iHFDv62wSVmXljFdBBle3ISWx3tb8=", "last_login": null, "is_superuser": false, "username": "deepak.yadav", "email": "deepak.yadav@bkgreenenergy.com", "user_type": "adminuser", "project": 13, "admin_type": "contractoruser", "company_name": "BK Green Energy", "registered_address": null, "name": "Deepak", "surname": "Yadav", "department": "Project/Execution", "designation": "Engineer", "grade": "C", "phone_number": "8887776665", "created_by": 65, "is_autogenerated_password": false, "is_password_reset_required": false, "is_active": true, "is_staff": false, "esg_role": null, "esg_assigned_sites": [], "groups": [], "user_permissions": []}}, {"model": "authentication.customuser", "pk": 86, "fields": {"password": "pbkdf2_sha256$1000000$jHy66VrrfMKnYGe7leRZy3$VePYMl2fmVfhgASHtE4aiKlcq/Yp2cWF+6ZDhP3VhzQ=", "last_login": null, "is_superuser": false, "username": "karan.agarwal", "email": "karan.agarwal@prozeal.co.in", "user_type": "adminuser", "project": 13, "admin_type": "epcuser", "company_name": "Prozeal Green Energy Limited", "registered_address": null, "name": "Karan", "surname": "Agarwal", "department": "Quality", "designation": "Engineer", "grade": "C", "phone_number": "8223344556", "created_by": 64, "is_autogenerated_password": false, "is_password_reset_required": false, "is_active": true, "is_staff": false, "esg_role": null, "esg_assigned_sites": [], "groups": [], "user_permissions": []}}, {"model": "authentication.customuser", "pk": 87, "fields": {"password": "pbkdf2_sha256$1000000$eHoNmQSOP2OYXOTS4MVyeJ$N6ozisUC1O8/V6S/V0tAXpAKAHuzKtjgwqtP+ifDuxA=", "last_login": null, "is_superuser": false, "username": "meena.joshi", "email": "meena.joshi@prozeal.co.in", "user_type": "adminuser", "project": 13, "admin_type": "epcuser", "company_name": "Prozeal Green Energy Limited", "registered_address": null, "name": "Meena", "surname": "Joshi", "department": "Quality", "designation": "TeamLeader", "grade": "B", "phone_number": "8334455667", "created_by": 64, "is_autogenerated_password": false, "is_password_reset_required": false, "is_active": true, "is_staff": false, "esg_role": null, "esg_assigned_sites": [], "groups": [], "user_permissions": []}}, {"model": "authentication.customuser", "pk": 88, "fields": {"password": "pbkdf2_sha256$1000000$DMesluxPuTuX3KQVlSrJ8y$+XJ0j+cy/de8UutQwSysHZdAYwAuKK+fYiU2awhJJKM=", "last_login": null, "is_superuser": false, "username": "aditya.saxena", "email": "aditya.saxena@prozeal.co.in", "user_type": "adminuser", "project": 13, "admin_type": "epcuser", "company_name": "Prozeal Green Energy Limited", "registered_address": null, "name": "Aditya", "surname": "Saxena", "department": "Quality", "designation": "Manager", "grade": "B", "phone_number": "8445566778", "created_by": 64, "is_autogenerated_password": false, "is_password_reset_required": false, "is_active": true, "is_staff": false, "esg_role": null, "esg_assigned_sites": [], "groups": [], "user_permissions": []}}, {"model": "authentication.customuser", "pk": 89, "fields": {"password": "pbkdf2_sha256$1000000$KnPcjWEFTbjvtLauraSC52$oKoHHQoxGz0hBQPkQ6zjGJmsp2/B2zFSgGEGi9TCX/c=", "last_login": null, "is_superuser": false, "username": "shilpa.pawar", "email": "shilpa.pawar@prozeal.co.in", "user_type": "adminuser", "project": 13, "admin_type": "epcuser", "company_name": "Prozeal Green Energy Limited", "registered_address": null, "name": "Shilpa", "surname": "Pawar", "department": "Quality", "designation": "Engineer", "grade": "C", "phone_number": "8556677889", "created_by": 64, "is_autogenerated_password": false, "is_password_reset_required": false, "is_active": true, "is_staff": false, "esg_role": null, "esg_assigned_sites": [], "groups": [], "user_permissions": []}}, {"model": "authentication.customuser", "pk": 90, "fields": {"password": "pbkdf2_sha256$1000000$ajtPuydbVpSEG0jGBMze8I$L5zejqvWvd11f0cvhK/kshM2Qh7mhpM1eZf3J/iPv84=", "last_login": null, "is_superuser": false, "username": "rahul.chauhan", "email": "rahul.chauhan@prozeal.co.in", "user_type": "adminuser", "project": 13, "admin_type": "epcuser", "company_name": "Prozeal Green Energy Limited", "registered_address": null, "name": "Rahul", "surname": "Chauhan", "department": "Safety", "designation": "TeamLeader", "grade": "B", "phone_number": "8667788990", "created_by": 64, "is_autogenerated_password": false, "is_password_reset_required": false, "is_active": true, "is_staff": false, "esg_role": null, "esg_assigned_sites": [], "groups": [], "user_permissions": []}}, {"model": "authentication.customuser", "pk": 91, "fields": {"password": "pbkdf2_sha256$1000000$9LyMZwY8dxWpbkRcq97xHg$2gygqcg3ow3Q2QXrakQsuvTEPWsbUOYKYqLJYy7iXqg=", "last_login": null, "is_superuser": false, "username": "divya.bhatt", "email": "divya.bhatt@prozeal.co.in", "user_type": "adminuser", "project": 13, "admin_type": "epcuser", "company_name": "Prozeal Green Energy Limited", "registered_address": null, "name": "Divya", "surname": "Bhatt", "department": "Safety", "designation": "Engineer", "grade": "C", "phone_number": "8778899001", "created_by": 64, "is_autogenerated_password": false, "is_password_reset_required": false, "is_active": true, "is_staff": false, "esg_role": null, "esg_assigned_sites": [], "groups": [], "user_permissions": []}}, {"model": "authentication.customuser", "pk": 92, "fields": {"password": "pbkdf2_sha256$1000000$2nJNQI0IG7XUlqndzsA7Hv$G/5iGxxPZYGfdKRigAEhXkNLK8DOg2sIFUsicEkGlEo=", "last_login": null, "is_superuser": false, "username": "mohit.arora", "email": "mohit.arora@prozeal.co.in", "user_type": "adminuser", "project": 13, "admin_type": "epcuser", "company_name": "Prozeal Green Energy Limited", "registered_address": null, "name": "Mohit", "surname": "Arora", "department": "Safety", "designation": "Manager", "grade": "B", "phone_number": "8889900112", "created_by": 64, "is_autogenerated_password": false, "is_password_reset_required": false, "is_active": true, "is_staff": false, "esg_role": null, "esg_assigned_sites": [], "groups": [], "user_permissions": []}}, {"model": "authentication.customuser", "pk": 93, "fields": {"password": "pbkdf2_sha256$1000000$vCIyD8XdZPVURUlWPfF4CQ$36+MoUhaYOlzm80Wj72rdU1PbKfOr3HA9J32zxuGl/w=", "last_login": null, "is_superuser": false, "username": "sunita.kamble", "email": "sunita.kamble@prozeal.co.in", "user_type": "adminuser", "project": 13, "admin_type": "epcuser", "company_name": "Prozeal Green Energy Limited", "registered_address": null, "name": "Sunita", "surname": "Kamble", "department": "Inventory", "designation": "Supervisor", "grade": "C", "phone_number": "8990011223", "created_by": 64, "is_autogenerated_password": false, "is_password_reset_required": false, "is_active": true, "is_staff": false, "esg_role": null, "esg_assigned_sites": [], "groups": [], "user_permissions": []}}, {"model": "authentication.customuser", "pk": 94, "fields": {"password": "pbkdf2_sha256$1000000$G4BsHyu7ENqubNWN55r6w3$QbepE93QHLLTkzxAu+IprCejXOuGKNBQ7hR0RZ3pKAo=", "last_login": null, "is_superuser": false, "username": "akash.tripathi", "email": "akash.tripathi@prozeal.co.in", "user_type": "adminuser", "project": 13, "admin_type": "epcuser", "company_name": "Prozeal Green Energy Limited", "registered_address": null, "name": "Akash", "surname": "Tripathi", "department": "Inventory", "designation": "Assistant", "grade": "C", "phone_number": "9001122334", "created_by": 64, "is_autogenerated_password": false, "is_password_reset_required": false, "is_active": true, "is_staff": false, "esg_role": null, "esg_assigned_sites": [], "groups": [], "user_permissions": []}}, {"model": "authentication.customuser", "pk": 95, "fields": {"password": "pbkdf2_sha256$1000000$yJlNWfHVkDn9q82cfbc5uw$fcgJZS8OOYGllUmO3it9yDC1u0w1M/yi7tWTQVAa9DY=", "last_login": null, "is_superuser": false, "username": "reena.kothari", "email": "reena.kothari@prozeal.co.in", "user_type": "adminuser", "project": 13, "admin_type": "epcuser", "company_name": "Prozeal Green Energy Limited", "registered_address": null, "name": "Reena", "surname": "Kothari", "department": "Project/Execution", "designation": "SiteIncharge", "grade": "A", "phone_number": "9112233445", "created_by": 64, "is_autogenerated_password": false, "is_password_reset_required": false, "is_active": true, "is_staff": false, "esg_role": null, "esg_assigned_sites": [], "groups": [], "user_permissions": []}}, {"model": "authentication.customuser", "pk": 96, "fields": {"password": "pbkdf2_sha256$1000000$AOogGBpAYYe1t76PmFC6aw$RECf2k9ojRVMKqYlK/ift9ImKDSQceG7BsnU2Q0Ab00=", "last_login": null, "is_superuser": false, "username": "nitin.shetty", "email": "nitin.shetty@prozeal.co.in", "user_type": "adminuser", "project": 13, "admin_type": "epcuser", "company_name": "Prozeal Green Energy Limited", "registered_address": null, "name": "Nitin", "surname": "Shetty", "department": "Project/Execution", "designation": "TeamLeader", "grade": "B", "phone_number": "9223344556", "created_by": 64, "is_autogenerated_password": false, "is_password_reset_required": false, "is_active": true, "is_staff": false, "esg_role": null, "esg_assigned_sites": [], "groups": [], "user_permissions": []}}, {"model": "authentication.customuser", "pk": 97, "fields": {"password": "pbkdf2_sha256$1000000$Gc9h82XAozMX6ZYiKvXK4T$vMBncvUwSF9kBSNCVrGh6vR0pWNBOp3CB0sWIKcW1jM=", "last_login": null, "is_superuser": false, "username": "poonam.surve", "email": "poonam.surve@prozeal.co.in", "user_type": "adminuser", "project": 13, "admin_type": "epcuser", "company_name": "Prozeal Green Energy Limited", "registered_address": null, "name": "Poonam", "surname": "Surve", "department": "Project/Execution", "designation": "Manager", "grade": "B", "phone_number": "9334455667", "created_by": 64, "is_autogenerated_password": false, "is_password_reset_required": false, "is_active": true, "is_staff": false, "esg_role": null, "esg_assigned_sites": [], "groups": [], "user_permissions": []}}, {"model": "authentication.customuser", "pk": 98, "fields": {"password": "pbkdf2_sha256$1000000$2Pfxo1JjA1aBTCziA6LttH$CC29Gk4dOfEcA0w2bnvjBOTmfx2ZSbqoogSoTz//u1U=", "last_login": null, "is_superuser": false, "username": "ashish.dubey", "email": "ashish.dubey@prozeal.co.in", "user_type": "adminuser", "project": 13, "admin_type": "epcuser", "company_name": "Prozeal Green Energy Limited", "registered_address": null, "name": "Ashish", "surname": "Dubey", "department": "Project/Execution", "designation": "Engineer", "grade": "C", "phone_number": "9445566778", "created_by": 64, "is_autogenerated_password": false, "is_password_reset_required": false, "is_active": true, "is_staff": false, "esg_role": null, "esg_assigned_sites": [], "groups": [], "user_permissions": []}}, {"model": "authentication.customuser", "pk": 99, "fields": {"password": "pbkdf2_sha256$1000000$W8NE3GJstRS7awe0pWKawQ$SM/08fKC5wJwwFNboKOEiKR41rh+yop82PJjUszjmZ0=", "last_login": null, "is_superuser": false, "username": "kirti.salunkhe", "email": "kirti.salunkhe@prozeal.co.in", "user_type": "adminuser", "project": 13, "admin_type": "epcuser", "company_name": "Prozeal Green Energy Limited", "registered_address": null, "name": "Kirti", "surname": "Salunkhe", "department": "Project/Execution", "designation": "Supervisor", "grade": "C", "phone_number": "9556677889", "created_by": 64, "is_autogenerated_password": false, "is_password_reset_required": false, "is_active": true, "is_staff": false, "esg_role": null, "esg_assigned_sites": [], "groups": [], "user_permissions": []}}, {"model": "authentication.customuser", "pk": 100, "fields": {"password": "pbkdf2_sha256$1000000$Ux1M0e7nPrpLmOSRxS0hgc$qGJG2iCNcyN6CxpiCg/CSJKwzvKq8/kevOculn+RBJ0=", "last_login": null, "is_superuser": false, "username": "nisha.kulkarni", "email": "nisha.kulkarni@bkgreenenergy.com", "user_type": "adminuser", "project": 13, "admin_type": "contractoruser", "company_name": "BK Green Energy", "registered_address": null, "name": "Nisha", "surname": "Kulkarni", "department": "Project/Execution", "designation": "Supervisor", "grade": "C", "phone_number": "8776665554", "created_by": 65, "is_autogenerated_password": false, "is_password_reset_required": false, "is_active": true, "is_staff": false, "esg_role": null, "esg_assigned_sites": [], "groups": [], "user_permissions": []}}, {"model": "authentication.customuser", "pk": 101, "fields": {"password": "", "last_login": null, "is_superuser": false, "username": "testuser", "email": "test@example.com", "user_type": "", "project": null, "admin_type": "master", "company_name": null, "registered_address": null, "name": "Test", "surname": "User", "department": null, "designation": null, "grade": null, "phone_number": null, "created_by": null, "is_autogenerated_password": true, "is_password_reset_required": true, "is_active": true, "is_staff": false, "esg_role": null, "esg_assigned_sites": [], "groups": [], "user_permissions": []}}, {"model": "authentication.userdetail", "pk": 1, "fields": {"user": 5, "employee_id": "", "gender": "", "father_or_spouse_name": "", "date_of_birth": null, "nationality": "", "education_level": "", "date_of_joining": null, "email": "", "mobile": "", "uan": "", "pan": "", "pan_attachment": "", "aadhaar": "", "aadhaar_attachment": "", "mark_of_identification": "", "photo": "", "specimen_signature": "", "signature_template": "", "signature_template_data": null, "is_approved": false, "approved_by": null, "approved_at": null, "created_at": "2025-12-20T14:20:11.671Z", "updated_at": "2025-12-20T14:20:11.671Z"}}, {"model": "authentication.userdetail", "pk": 2, "fields": {"user": 6, "employee_id": "", "gender": "", "father_or_spouse_name": "", "date_of_birth": null, "nationality": "", "education_level": "", "date_of_joining": null, "email": "", "mobile": "", "uan": "", "pan": "", "pan_attachment": "", "aadhaar": "", "aadhaar_attachment": "", "mark_of_identification": "", "photo": "", "specimen_signature": "", "signature_template": "", "signature_template_data": null, "is_approved": false, "approved_by": null, "approved_at": null, "created_at": "2025-12-20T14:32:50.027Z", "updated_at": "2025-12-20T14:32:50.027Z"}}, {"model": "authentication.userdetail", "pk": 3, "fields": {"user": 22, "employee_id": "TP0089", "gender": "Male", "father_or_spouse_name": "Kumar", "date_of_birth": "1980-03-04", "nationality": "Indian", "education_level": "Graduate", "date_of_joining": "2020-01-01", "email": "", "mobile": "8767876545", "uan": "100234543376", "pan": "ABCDE1234F", "pan_attachment": "pan_attachments/1.jpeg", "aadhaar": "345678765554", "aadhaar_attachment": "aadhaar_attachments/Screenshot_from_2025-08-29_17-23-55.png", "mark_of_identification": "Scar on the knee", "photo": "photos/il.jpg", "specimen_signature": "", "signature_template": "signature_templates/signature_template_22_20251221_180500.png", "signature_template_data": {"user_id": 22, "full_name": "Eshwar Poti", "designation": "Manager", "company_name": "Torrent Saurya Urja 14 Pvt Ltd", "template_created_at": "2025-12-21T18:05:00.458809", "template_version": "2.0"}, "is_approved": true, "approved_by": 14, "approved_at": "2025-12-21T18:16:35.087Z", "created_at": "2025-12-21T17:44:43.441Z", "updated_at": "2025-12-21T18:16:35.087Z"}}, {"model": "authentication.userdetail", "pk": 4, "fields": {"user": 14, "employee_id": "TP0089", "gender": "Male", "father_or_spouse_name": "Kumar", "date_of_birth": "1980-03-04", "nationality": "Indian", "education_level": "Graduate", "date_of_joining": "2020-01-01", "email": "", "mobile": "8767876545", "uan": "100234543376", "pan": "ABCDE1234F", "pan_attachment": "", "aadhaar": "345678765554", "aadhaar_attachment": "", "mark_of_identification": "Scar on the knee", "photo": "", "specimen_signature": "", "signature_template": "", "signature_template_data": null, "is_approved": false, "approved_by": null, "approved_at": null, "created_at": "2025-12-21T18:16:17.700Z", "updated_at": "2025-12-21T18:16:34.992Z"}}, {"model": "authentication.userdetail", "pk": 6, "fields": {"user": 40, "employee_id": "AS-EMP-001", "gender": "Male", "father_or_spouse_name": "Blesswin", "date_of_birth": "2003-10-25", "nationality": "Indian", "education_level": "Post Graduated", "date_of_joining": "2024-12-01", "email": "", "mobile": "7754100255", "uan": "123456789012", "pan": "ABCTY1234D", "pan_attachment": "pan_attachments/pan-card-.png", "aadhaar": "123456789012", "aadhaar_attachment": "aadhaar_attachments/Aadhar.jpg", "mark_of_identification": "Mole in Right Hand", "photo": "photos/stock-vector-passport-size-photo-icon-business-signs-and-symbols-2419724883.jpg", "specimen_signature": "", "signature_template": "signature_templates/signature_template_40_20251222_055658.png", "signature_template_data": {"user_id": 40, "full_name": "Joel Blesswin", "designation": "TeamLeader", "company_name": "", "template_created_at": "2025-12-22T05:56:58.010689", "template_version": "2.0"}, "is_approved": true, "approved_by": 37, "approved_at": "2025-12-22T06:09:52.937Z", "created_at": "2025-12-22T05:56:57.992Z", "updated_at": "2025-12-22T06:09:52.937Z"}}, {"model": "authentication.userdetail", "pk": 7, "fields": {"user": 37, "employee_id": "AS-EMP-002", "gender": "Male", "father_or_spouse_name": "Sharma", "date_of_birth": "1996-08-14", "nationality": "Indian", "education_level": "Under Graduate", "date_of_joining": "2025-12-01", "email": "", "mobile": "9756654645", "uan": "100234567890", "pan": "AABCT1234F", "pan_attachment": "", "aadhaar": "234567890123", "aadhaar_attachment": "", "mark_of_identification": "mole in neck", "photo": "", "specimen_signature": "", "signature_template": "", "signature_template_data": null, "is_approved": false, "approved_by": null, "approved_at": null, "created_at": "2025-12-22T06:09:10.257Z", "updated_at": "2025-12-22T13:29:22.260Z"}}, {"model": "authentication.userdetail", "pk": 8, "fields": {"user": 41, "employee_id": "AS-EMP-001", "gender": "Male", "father_or_spouse_name": "Christopher", "date_of_birth": "1999-03-03", "nationality": "Indian", "education_level": "Post Graduated", "date_of_joining": "2025-12-01", "email": "", "mobile": "6786856787", "uan": "123456789012", "pan": "ABCDE1234F", "pan_attachment": "pan_attachments/pan-card-_za5kvAY.png", "aadhaar": "123456789012", "aadhaar_attachment": "aadhaar_attachments/Aadhar_JJm8Ut4.jpg", "mark_of_identification": "scare in right leg", "photo": "photos/stock-vector-passport-size-photo-icon-business-signs-and-symbols-2419724883_N6zZK5C.jpg", "specimen_signature": "", "signature_template": "signature_templates/signature_template_41_20251222_062548.png", "signature_template_data": {"user_id": 41, "full_name": "Wesley John", "designation": "Manager", "company_name": "AK116", "template_created_at": "2025-12-22T06:25:48.556919", "template_version": "2.0"}, "is_approved": true, "approved_by": 33, "approved_at": "2025-12-22T06:29:25.243Z", "created_at": "2025-12-22T06:25:48.532Z", "updated_at": "2025-12-22T06:29:25.244Z"}}, {"model": "authentication.userdetail", "pk": 9, "fields": {"user": 33, "employee_id": "AS-EMP-001", "gender": "Male", "father_or_spouse_name": "Christopher", "date_of_birth": "1999-03-03", "nationality": "Indian", "education_level": "Post Graduated", "date_of_joining": "2025-12-01", "email": "", "mobile": "6786856787", "uan": "123456789012", "pan": "ABCDE1234F", "pan_attachment": "", "aadhaar": "123456789012", "aadhaar_attachment": "", "mark_of_identification": "scare in right leg", "photo": "", "specimen_signature": "", "signature_template": "", "signature_template_data": null, "is_approved": false, "approved_by": null, "approved_at": null, "created_at": "2025-12-22T06:29:07.755Z", "updated_at": "2025-12-22T06:29:25.187Z"}}, {"model": "authentication.userdetail", "pk": 10, "fields": {"user": 51, "employee_id": "", "gender": "", "father_or_spouse_name": "", "date_of_birth": null, "nationality": "", "education_level": "", "date_of_joining": null, "email": "", "mobile": "", "uan": "", "pan": "", "pan_attachment": "", "aadhaar": "", "aadhaar_attachment": "", "mark_of_identification": "", "photo": "", "specimen_signature": "", "signature_template": "signature_templates/signature_template_51_20251222_092439.png", "signature_template_data": {"user_id": 51, "full_name": "Priya Sharma", "designation": "Engineer", "company_name": "AK116", "template_created_at": "2025-12-22T09:24:39.873645", "template_version": "2.0"}, "is_approved": false, "approved_by": null, "approved_at": null, "created_at": "2025-12-22T09:24:39.843Z", "updated_at": "2025-12-22T09:24:39.874Z"}}, {"model": "authentication.userdetail", "pk": 11, "fields": {"user": 44, "employee_id": "AS-EMP-002", "gender": "Male", "father_or_spouse_name": "Sharma", "date_of_birth": "1996-08-14", "nationality": "Indian", "education_level": "Under Graduate", "date_of_joining": "2025-12-01", "email": "", "mobile": "9756654645", "uan": "100234567890", "pan": "AABCT1234F", "pan_attachment": "pan_attachments/pan-card-_PGUtifB.png", "aadhaar": "234567890123", "aadhaar_attachment": "aadhaar_attachments/Aadhar_C4YqWzh.jpg", "mark_of_identification": "mole in neck", "photo": "photos/NELSON_RAJ__Photo.jpeg", "specimen_signature": "", "signature_template": "signature_templates/signature_template_44_20251222_132123.png", "signature_template_data": {"user_id": 44, "full_name": "Ravi Nair", "designation": "Manager", "company_name": "", "template_created_at": "2025-12-22T13:21:23.429485", "template_version": "2.0"}, "is_approved": true, "approved_by": 37, "approved_at": "2025-12-22T13:29:22.359Z", "created_at": "2025-12-22T13:21:23.369Z", "updated_at": "2025-12-22T13:29:22.359Z"}}, {"model": "authentication.userdetail", "pk": 12, "fields": {"user": 43, "employee_id": "AS-EMP-003", "gender": "Male", "father_or_spouse_name": "Peter", "date_of_birth": "2001-06-07", "nationality": "Indian", "education_level": "Post Graduate", "date_of_joining": "2025-11-01", "email": "", "mobile": "9756654645", "uan": "102456789012", "pan": "LMNOP4321Q", "pan_attachment": "pan_attachments/pan-card-_YwSYVvw.png", "aadhaar": "456789012345", "aadhaar_attachment": "aadhaar_attachments/Aadhar_a9spDed.jpg", "mark_of_identification": "mole in neck", "photo": "photos/NELSON_RAJ__Photo_hA72fVa.jpeg", "specimen_signature": "", "signature_template": "signature_templates/signature_template_43_20251223_042040.png", "signature_template_data": {"user_id": 43, "full_name": "Jabez Peter", "designation": "Assistant", "company_name": "AK116", "template_created_at": "2025-12-23T04:20:40.689019", "template_version": "2.0"}, "is_approved": true, "approved_by": 38, "approved_at": "2025-12-23T07:14:37.240Z", "created_at": "2025-12-23T04:20:40.376Z", "updated_at": "2025-12-23T07:14:37.240Z"}}, {"model": "authentication.userdetail", "pk": 13, "fields": {"user": 54, "employee_id": "", "gender": "", "father_or_spouse_name": "", "date_of_birth": null, "nationality": "", "education_level": "", "date_of_joining": null, "email": "", "mobile": "", "uan": "", "pan": "", "pan_attachment": "", "aadhaar": "", "aadhaar_attachment": "", "mark_of_identification": "", "photo": "", "specimen_signature": "", "signature_template": "signature_templates/signature_template_54_20251223_042614.png", "signature_template_data": {"user_id": 54, "full_name": "Sathish Vel", "designation": "Manager", "company_name": "AK116", "template_created_at": "2025-12-23T04:26:14.236604", "template_version": "2.0"}, "is_approved": false, "approved_by": null, "approved_at": null, "created_at": "2025-12-23T04:26:14.055Z", "updated_at": "2025-12-23T04:26:14.237Z"}}, {"model": "authentication.userdetail", "pk": 14, "fields": {"user": 48, "employee_id": "", "gender": "", "father_or_spouse_name": "", "date_of_birth": null, "nationality": "", "education_level": "", "date_of_joining": null, "email": "", "mobile": "", "uan": "", "pan": "", "pan_attachment": "", "aadhaar": "", "aadhaar_attachment": "", "mark_of_identification": "", "photo": "", "specimen_signature": "", "signature_template": "signature_templates/signature_template_48_20251223_043049.png", "signature_template_data": {"user_id": 48, "full_name": "Sneha Iyer", "designation": "Manager", "company_name": "", "template_created_at": "2025-12-23T04:30:49.374463", "template_version": "2.0"}, "is_approved": false, "approved_by": null, "approved_at": null, "created_at": "2025-12-23T04:30:49.363Z", "updated_at": "2025-12-23T04:30:49.375Z"}}, {"model": "authentication.userdetail", "pk": 15, "fields": {"user": 38, "employee_id": "AS-EMP-003", "gender": "Male", "father_or_spouse_name": "Peter", "date_of_birth": "2001-06-07", "nationality": "Indian", "education_level": "Post Graduate", "date_of_joining": "2025-11-01", "email": "", "mobile": "9756654645", "uan": "102456789012", "pan": "LMNOP4321Q", "pan_attachment": "", "aadhaar": "456789012345", "aadhaar_attachment": "", "mark_of_identification": "mole in neck", "photo": "", "specimen_signature": "", "signature_template": "", "signature_template_data": null, "is_approved": false, "approved_by": null, "approved_at": null, "created_at": "2025-12-23T07:14:25.110Z", "updated_at": "2025-12-23T07:14:37.180Z"}}, {"model": "authentication.userdetail", "pk": 16, "fields": {"user": 59, "employee_id": "", "gender": "", "father_or_spouse_name": "", "date_of_birth": null, "nationality": "", "education_level": "", "date_of_joining": null, "email": "", "mobile": "", "uan": "", "pan": "", "pan_attachment": "", "aadhaar": "", "aadhaar_attachment": "", "mark_of_identification": "", "photo": "", "specimen_signature": "", "signature_template": "signature_templates/signature_template_59_20251224_105407.png", "signature_template_data": {"user_id": 59, "full_name": "Robert Pattinson", "designation": "TeamLeader", "company_name": "", "template_created_at": "2025-12-24T10:54:07.948492", "template_version": "2.0"}, "is_approved": false, "approved_by": null, "approved_at": null, "created_at": "2025-12-24T10:54:06.985Z", "updated_at": "2025-12-24T10:54:07.960Z"}}, {"model": "authentication.userdetail", "pk": 17, "fields": {"user": 81, "employee_id": "TGE-SAF-1024", "gender": "Female", "father_or_spouse_name": "Rajesh Mehta", "date_of_birth": "1994-08-15", "nationality": "Indian", "education_level": "B.E. (Electrical Engineering)", "date_of_joining": "2023-06-01", "email": "", "mobile": "9876543210", "uan": "123456789012", "pan": "ABCDE1234F", "pan_attachment": "pan_attachments/December_Expenses_-_Karthik.pdf", "aadhaar": "234567890123", "aadhaar_attachment": "aadhaar_attachments/December_Expenses_-Karthik.pdf", "mark_of_identification": "Mole on left forearm", "photo": "photos/AS-Logo-Header-819x1024__2_-removebg-preview_1.png", "specimen_signature": "", "signature_template": "signature_templates/signature_template_81_20251225_132311.png", "signature_template_data": {"user_id": 81, "full_name": "Anjali Mehta", "designation": "Engineer", "company_name": "Torrent Urja 22 PVT LTD", "template_created_at": "2025-12-25T13:23:11.729626", "template_version": "2.0"}, "is_approved": true, "approved_by": 63, "approved_at": "2025-12-26T06:00:59.320Z", "created_at": "2025-12-25T13:23:11.656Z", "updated_at": "2025-12-26T06:00:59.320Z"}}, {"model": "authentication.userdetail", "pk": 18, "fields": {"user": 80, "employee_id": "TU22-PRJ-2045", "gender": "Female", "father_or_spouse_name": "Amit Chopra", "date_of_birth": "1992-03-18", "nationality": "Indian", "education_level": "Diploma in Civil Engineering", "date_of_joining": "2024-02-12", "email": "", "mobile": "9123456789", "uan": "456789012345", "pan": "FGHIJ6789K", "pan_attachment": "pan_attachments/December_Expenses_-_Karthik_Bro_1.pdf", "aadhaar": "345678901234", "aadhaar_attachment": "aadhaar_attachments/BKGE_-_Measurement_Sheet_-_Additional_Work__Machinery_Idle_Charges_1.pdf", "mark_of_identification": "Small scar on right eyebrow", "photo": "photos/AS-Logo-Header-819x1024__2_-removebg-preview.png", "specimen_signature": "", "signature_template": "signature_templates/signature_template_80_20251225_132706.png", "signature_template_data": {"user_id": 80, "full_name": "Ritu Chopra", "designation": "Supervisor", "company_name": "Torrent Urja 22 PVT LTD", "template_created_at": "2025-12-25T13:27:06.072310", "template_version": "2.0"}, "is_approved": true, "approved_by": 63, "approved_at": "2025-12-26T06:17:20.951Z", "created_at": "2025-12-25T13:27:05.977Z", "updated_at": "2025-12-26T06:17:20.951Z"}}, {"model": "authentication.userdetail", "pk": 19, "fields": {"user": 79, "employee_id": "TU22-ENG-3098", "gender": "Male", "father_or_spouse_name": "Rakesh Gupta", "date_of_birth": "1998-02-13", "nationality": "Indian", "education_level": "B.E. (Mechanical Engineering)", "date_of_joining": "2023-09-18", "email": "", "mobile": "9898765432", "uan": "789012345678", "pan": "KLMNO4321P", "pan_attachment": "pan_attachments/Green_and_Gold_Gradient_Merry_Christmas_and_Happy_New_Year_Instagram_Post.png", "aadhaar": "456789012345", "aadhaar_attachment": "aadhaar_attachments/December_Expenses_-_Ananthan_1.pdf", "mark_of_identification": "Mole on right cheek", "photo": "photos/WhatsApp_Image_2025-11-09_at_5.57.13_PM.jpeg", "specimen_signature": "", "signature_template": "signature_templates/signature_template_79_20251225_132948.png", "signature_template_data": {"user_id": 79, "full_name": "Manish Gupta", "designation": "Engineer", "company_name": "Torrent Urja 22 PVT LTD", "template_created_at": "2025-12-25T13:29:48.769139", "template_version": "2.0"}, "is_approved": false, "approved_by": null, "approved_at": null, "created_at": "2025-12-25T13:29:48.697Z", "updated_at": "2025-12-25T13:57:00.452Z"}}, {"model": "authentication.userdetail", "pk": 20, "fields": {"user": 78, "employee_id": "TU22-MGR-4512", "gender": "Female", "father_or_spouse_name": "Suresh Desai", "date_of_birth": "1988-05-10", "nationality": "Indian", "education_level": "MBA (Project Management)", "date_of_joining": "2022-07-15", "email": "", "mobile": "9012345678", "uan": "234567890123", "pan": "PQRST6789L", "pan_attachment": "pan_attachments/December_Expenses_-_Ananthan_1.pdf", "aadhaar": "567890123456", "aadhaar_attachment": "aadhaar_attachments/BKGE_-_Measurement_Sheet_-_Additional_Work__Machinery_Idle_Charges_2.pdf", "mark_of_identification": "Small mole near left eyebrow", "photo": "photos/Screenshot_2025-02-14_103826-removebg-preview.png", "specimen_signature": "", "signature_template": "signature_templates/signature_template_78_20251225_133220.png", "signature_template_data": {"user_id": 78, "full_name": "Kavita Desai", "designation": "Manager", "company_name": "Torrent Urja 22 PVT LTD", "template_created_at": "2025-12-25T13:32:20.233747", "template_version": "2.0"}, "is_approved": false, "approved_by": null, "approved_at": null, "created_at": "2025-12-25T13:32:20.179Z", "updated_at": "2025-12-25T14:02:19.028Z"}}, {"model": "authentication.userdetail", "pk": 21, "fields": {"user": 77, "employee_id": "TU22-TL-3876", "gender": "Male", "father_or_spouse_name": "Srinivas Reddy", "date_of_birth": "1990-09-14", "nationality": "Indian", "education_level": "B.Tech (Electrical Engineering)", "date_of_joining": "2023-01-09", "email": "", "mobile": "9345678123", "uan": "890123456789", "pan": "ABCDE6789F", "pan_attachment": "pan_attachments/December_Expenses_-_Ananthan_1_1aWkWwv.pdf", "aadhaar": "678901234567", "aadhaar_attachment": "aadhaar_attachments/Green_and_Gold_Gradient_Merry_Christmas_and_Happy_New_Year_Instagram_Post.png", "mark_of_identification": "Scar on left wrist", "photo": "photos/Screenshot_2025-02-14_103826-removebg-preview_dlKMmTD.png", "specimen_signature": "", "signature_template": "signature_templates/signature_template_77_20251225_140657.png", "signature_template_data": {"user_id": 77, "full_name": "Arjun Reddy", "designation": "TeamLeader", "company_name": "Torrent Urja 22 PVT LTD", "template_created_at": "2025-12-25T14:06:57.862920", "template_version": "2.0"}, "is_approved": false, "approved_by": null, "approved_at": null, "created_at": "2025-12-25T13:33:55.021Z", "updated_at": "2025-12-25T14:14:47.431Z"}}, {"model": "authentication.userdetail", "pk": 22, "fields": {"user": 76, "employee_id": "TU22-SIC-4921", "gender": "Female", "father_or_spouse_name": "Ramakrishnan Iyer", "date_of_birth": "1993-02-27", "nationality": "Indian", "education_level": "B.E. (Civil Engineering)", "date_of_joining": "2023-11-06", "email": "", "mobile": "9367812450", "uan": "567890123456", "pan": "LMNOP3456Q", "pan_attachment": "pan_attachments/E_Challan_20250912012072.pdf", "aadhaar": "789012345678", "aadhaar_attachment": "aadhaar_attachments/DocScanner_22_Dec_2025_5-53pm.pdf", "mark_of_identification": "Small mole on right cheek", "photo": "photos/AS-Logo-Header-819x1024_1_1.webp", "specimen_signature": "", "signature_template": "signature_templates/signature_template_76_20251225_141907.png", "signature_template_data": {"user_id": 76, "full_name": "Sneha Iyer", "designation": "SiteIncharge", "company_name": "Torrent Urja 22 PVT LTD", "template_created_at": "2025-12-25T14:19:07.680077", "template_version": "2.0"}, "is_approved": true, "approved_by": 63, "approved_at": "2025-12-26T05:58:29.108Z", "created_at": "2025-12-25T13:57:22.971Z", "updated_at": "2025-12-26T05:58:29.108Z"}}, {"model": "authentication.userdetail", "pk": 23, "fields": {"user": 75, "employee_id": "TU22-INV-3187", "gender": "Male", "father_or_spouse_name": "Suresh Malhotra", "date_of_birth": "1995-08-14", "nationality": "Indian", "education_level": "B.Com", "date_of_joining": "2024-03-18", "email": "", "mobile": "9876543210", "uan": "234567890123", "pan": "QWERT6789U", "pan_attachment": "pan_attachments/Screenshot_2025-02-14_103826-removebg-preview.png", "aadhaar": "456789012345", "aadhaar_attachment": "aadhaar_attachments/Screenshot_2025-02-14_103826-removebg-preview.png", "mark_of_identification": "Scar on left forearm", "photo": "photos/Screenshot_2025-02-14_103826-removebg-preview_teoKf4x.png", "specimen_signature": "", "signature_template": "signature_templates/signature_template_75_20251225_140005.png", "signature_template_data": {"user_id": 75, "full_name": "Rahul Malhotra", "designation": "Assistant", "company_name": "Torrent Urja 22 PVT LTD", "template_created_at": "2025-12-25T14:00:05.542302", "template_version": "2.0"}, "is_approved": true, "approved_by": 63, "approved_at": "2025-12-26T04:09:47.963Z", "created_at": "2025-12-25T14:00:05.459Z", "updated_at": "2025-12-26T04:09:47.963Z"}}, {"model": "authentication.userdetail", "pk": 24, "fields": {"user": 74, "employee_id": "TU22-INV-3275", "gender": "Female", "father_or_spouse_name": "Rakesh Jain", "date_of_birth": "1994-02-11", "nationality": "Indian", "education_level": "B.Tech (Electrical Engineering)", "date_of_joining": "2023-11-06", "email": "", "mobile": "9123456789", "uan": "345678901234", "pan": "LMNOP4321K", "pan_attachment": "pan_attachments/Screenshot_2025-02-14_103826-removebg-preview_4xHEZ6L.png", "aadhaar": "567890123456", "aadhaar_attachment": "aadhaar_attachments/Screenshot_2025-02-14_103826-removebg-preview_t4k2kg4.png", "mark_of_identification": "Mole on right cheek", "photo": "photos/WhatsApp_Image_2025-10-24_at_10.49.31.jpeg", "specimen_signature": "", "signature_template": "signature_templates/signature_template_74_20251225_140748.png", "signature_template_data": {"user_id": 74, "full_name": "pooja Jain", "designation": "Supervisor", "company_name": "Torrent Urja 22 PVT LTD", "template_created_at": "2025-12-25T14:07:48.020772", "template_version": "2.0"}, "is_approved": false, "approved_by": null, "approved_at": null, "created_at": "2025-12-25T14:07:47.949Z", "updated_at": "2025-12-26T04:30:37.816Z"}}, {"model": "authentication.userdetail", "pk": 25, "fields": {"user": 73, "employee_id": "TU22-SAF-2109", "gender": "Male", "father_or_spouse_name": "Mahesh Patel", "date_of_birth": "1988-07-18", "nationality": "Indian", "education_level": "M.Tech  Industrial Safety Engineering", "date_of_joining": "2022-08-15", "email": "", "mobile": "9876543210", "uan": "456789012345", "pan": "QRSTU6789V", "pan_attachment": "pan_attachments/December_Expenses_-_Karthik_Bro.pdf", "aadhaar": "678901234567", "aadhaar_attachment": "aadhaar_attachments/BKGE_-_Measurement_Sheet_-_Additional_Work__Machinery_Idle_Charges_1_4STj0Zh.pdf", "mark_of_identification": "Scar on left forearm", "photo": "photos/WhatsApp_Image_2025-11-09_at_5_vs0wCgv.57.13_PM.jpeg", "specimen_signature": "", "signature_template": "signature_templates/signature_template_73_20251225_141602.png", "signature_template_data": {"user_id": 73, "full_name": "Sanjay Patel", "designation": "Manager", "company_name": "Torrent Urja 22 PVT LTD", "template_created_at": "2025-12-25T14:16:02.805355", "template_version": "2.0"}, "is_approved": false, "approved_by": null, "approved_at": null, "created_at": "2025-12-25T14:16:02.736Z", "updated_at": "2025-12-26T05:02:36.960Z"}}, {"model": "authentication.userdetail", "pk": 26, "fields": {"user": 69, "employee_id": "TU22-QLT-4289", "gender": "Female", "father_or_spouse_name": "Ramesh Nair", "date_of_birth": "1993-07-18", "nationality": "Indian", "education_level": "B.Tech . Civil Engineering", "date_of_joining": "2023-03-15", "email": "", "mobile": "9345678901", "uan": "456789012345", "pan": "QWERT1234K", "pan_attachment": "pan_attachments/Screenshot_2_YpUHVZv.png", "aadhaar": "345678901234", "aadhaar_attachment": "aadhaar_attachments/Screenshot_6.png", "mark_of_identification": "Small scar on left hand", "photo": "photos/Screenshot_6.png", "specimen_signature": "", "signature_template": "signature_templates/signature_template_69_20251225_141708.png", "signature_template_data": {"user_id": 69, "full_name": "Priya Nair", "designation": "Engineer", "company_name": "Torrent Urja 22 PVT LTD", "template_created_at": "2025-12-25T14:17:08.557681", "template_version": "2.0"}, "is_approved": true, "approved_by": 63, "approved_at": "2025-12-26T06:00:11.633Z", "created_at": "2025-12-25T14:17:08.487Z", "updated_at": "2025-12-26T06:00:11.633Z"}}, {"model": "authentication.userdetail", "pk": 27, "fields": {"user": 68, "employee_id": "", "gender": "", "father_or_spouse_name": "", "date_of_birth": null, "nationality": "", "education_level": "", "date_of_joining": null, "email": "", "mobile": "", "uan": "", "pan": "", "pan_attachment": "", "aadhaar": "", "aadhaar_attachment": "", "mark_of_identification": "", "photo": "", "specimen_signature": "", "signature_template": "signature_templates/signature_template_68_20251225_141745.png", "signature_template_data": {"user_id": 68, "full_name": "Rohit Kapoor", "designation": "Manager", "company_name": "Torrent Urja 22 PVT LTD", "template_created_at": "2025-12-25T14:17:45.294999", "template_version": "2.0"}, "is_approved": false, "approved_by": null, "approved_at": null, "created_at": "2025-12-25T14:17:45.227Z", "updated_at": "2025-12-25T14:17:45.295Z"}}, {"model": "authentication.userdetail", "pk": 28, "fields": {"user": 66, "employee_id": "TU22-QLT-ENG-4521", "gender": "Male", "father_or_spouse_name": "Rakesh Sharma", "date_of_birth": "1993-03-14", "nationality": "Indian", "education_level": "B.E .Mechanical Engineering", "date_of_joining": "2023-01-16", "email": "", "mobile": "9345678210", "uan": "345678901234", "pan": "QWERT1234P", "pan_attachment": "pan_attachments/Screenshot_1.png", "aadhaar": "456789012345", "aadhaar_attachment": "aadhaar_attachments/Screenshot_3.png", "mark_of_identification": "Small mole near left eyebrow", "photo": "photos/Screenshot_6_QcTXLmV.png", "specimen_signature": "", "signature_template": "signature_templates/signature_template_66_20251225_141826.png", "signature_template_data": {"user_id": 66, "full_name": "Amit Sharma", "designation": "Engineer", "company_name": "Torrent Urja 22 PVT LTD", "template_created_at": "2025-12-25T14:18:26.656174", "template_version": "2.0"}, "is_approved": true, "approved_by": 63, "approved_at": "2025-12-26T05:52:30.949Z", "created_at": "2025-12-25T14:18:26.599Z", "updated_at": "2025-12-26T05:52:30.949Z"}}, {"model": "authentication.userdetail", "pk": 29, "fields": {"user": 99, "employee_id": "PRZ-EMP-001", "gender": "Female", "father_or_spouse_name": "Ramesh Salunkhe", "date_of_birth": "1993-05-19", "nationality": "Indian", "education_level": "B.Tech (Civil Engineering)", "date_of_joining": "2023-02-01", "email": "", "mobile": "9876543210", "uan": "214323122344", "pan": "KJHGF3456R", "pan_attachment": "pan_attachments/user_credentials.txt", "aadhaar": "456789123012", "aadhaar_attachment": "aadhaar_attachments/attendance_report_Divi_2025-11-11_to_2025-12-11.csv", "mark_of_identification": "Mole on left cheek", "photo": "photos/Profile.jpg", "specimen_signature": "", "signature_template": "signature_templates/signature_template_99_20251225_150003.png", "signature_template_data": {"user_id": 99, "full_name": "Kirti Salunkhe", "designation": "Supervisor", "company_name": "Athens EHS System", "template_created_at": "2025-12-25T15:00:03.664646", "template_version": "2.0"}, "is_approved": true, "approved_by": 64, "approved_at": "2025-12-26T06:20:29.983Z", "created_at": "2025-12-25T15:00:03.319Z", "updated_at": "2025-12-26T06:20:29.984Z"}}, {"model": "authentication.userdetail", "pk": 30, "fields": {"user": 98, "employee_id": "PRZ-EMP-002", "gender": "Male", "father_or_spouse_name": "Suresh Dubey", "date_of_birth": "1999-08-25", "nationality": "Indian", "education_level": "B.E (Mechanical)", "date_of_joining": "2024-02-02", "email": "", "mobile": "9123456789", "uan": "223456789012", "pan": "QWERT2345A", "pan_attachment": "pan_attachments/im.png", "aadhaar": "567891234567", "aadhaar_attachment": "aadhaar_attachments/ai.png", "mark_of_identification": "Scar on right hand", "photo": "photos/Profile_OigDiPl.jpg", "specimen_signature": "", "signature_template": "signature_templates/signature_template_98_20251225_150207.png", "signature_template_data": {"user_id": 98, "full_name": "Ashish Dubey", "designation": "Engineer", "company_name": "Athens EHS System", "template_created_at": "2025-12-25T15:02:07.562754", "template_version": "2.0"}, "is_approved": true, "approved_by": 64, "approved_at": "2025-12-26T05:45:21.812Z", "created_at": "2025-12-25T15:02:07.346Z", "updated_at": "2025-12-26T05:45:21.813Z"}}, {"model": "authentication.userdetail", "pk": 31, "fields": {"user": 97, "employee_id": "PRZ-EMP-014", "gender": "Female", "father_or_spouse_name": "Mahadev Surve", "date_of_birth": "1990-01-01", "nationality": "Indian", "education_level": "MSW", "date_of_joining": "2018-09-06", "email": "", "mobile": "9443322110", "uan": "143456789012", "pan": "POIUY2233X", "pan_attachment": "pan_attachments/Screenshot_from_2025-07-19_09-55-24_5ytbe8C.png", "aadhaar": "901234567890", "aadhaar_attachment": "aadhaar_attachments/Screenshot_from_2025-07-19_13-10-49.png", "mark_of_identification": "Mole on chin", "photo": "photos/Profile_eq6rzgg.jpg", "specimen_signature": "", "signature_template": "signature_templates/signature_template_97_20251225_150520.png", "signature_template_data": {"user_id": 97, "full_name": "Poonam Surve", "designation": "Manager", "company_name": "Athens EHS System", "template_created_at": "2025-12-25T15:05:20.629169", "template_version": "2.0"}, "is_approved": true, "approved_by": 64, "approved_at": "2025-12-26T05:51:13.739Z", "created_at": "2025-12-25T15:05:20.446Z", "updated_at": "2025-12-26T05:51:13.739Z"}}, {"model": "authentication.userdetail", "pk": 32, "fields": {"user": 96, "employee_id": "PRZ-EMP-013", "gender": "Male", "father_or_spouse_name": "Prakash Shetty", "date_of_birth": "1992-05-01", "nationality": "Indian", "education_level": "MBA", "date_of_joining": "2016-12-02", "email": "", "mobile": "9554433221", "uan": "133456789012", "pan": "VCXZA5544W", "pan_attachment": "pan_attachments/promotion1_wg4ubIT.png", "aadhaar": "990123456789", "aadhaar_attachment": "aadhaar_attachments/approval.png", "mark_of_identification": "Scar on thumb", "photo": "photos/Profile_PEu6ClS.jpg", "specimen_signature": "", "signature_template": "signature_templates/signature_template_96_20251225_150728.png", "signature_template_data": {"user_id": 96, "full_name": "Nitin Shetty", "designation": "TeamLeader", "company_name": "Athens EHS System", "template_created_at": "2025-12-25T15:07:28.228086", "template_version": "2.0"}, "is_approved": true, "approved_by": 64, "approved_at": "2025-12-26T05:50:45.056Z", "created_at": "2025-12-25T15:07:28.040Z", "updated_at": "2025-12-26T05:50:45.056Z"}}, {"model": "authentication.userdetail", "pk": 33, "fields": {"user": 95, "employee_id": "PRZ-EMP-012", "gender": "Female", "father_or_spouse_name": "Harish Kothari", "date_of_birth": "1986-08-14", "nationality": "Indian", "education_level": "CA", "date_of_joining": "2015-05-02", "email": "", "mobile": "9665544332", "uan": "123456789999", "pan": "BNMQA6677V", "pan_attachment": "pan_attachments/Screenshot_from_2025-07-17_12-35-49_vVSX2K3.png", "aadhaar": "989012345678", "aadhaar_attachment": "aadhaar_attachments/Screenshot_from_2025-07-19_10-09-41.png", "mark_of_identification": "Mole on neck", "photo": "photos/Profile_j6jqUK6.jpg", "specimen_signature": "", "signature_template": "signature_templates/signature_template_95_20251225_150818.png", "signature_template_data": {"user_id": 95, "full_name": "Reena Kothari", "designation": "SiteIncharge", "company_name": "Athens EHS System", "template_created_at": "2025-12-25T15:08:18.881635", "template_version": "2.0"}, "is_approved": true, "approved_by": 64, "approved_at": "2025-12-26T05:50:26.816Z", "created_at": "2025-12-25T15:08:18.697Z", "updated_at": "2025-12-26T05:50:26.816Z"}}, {"model": "authentication.userdetail", "pk": 34, "fields": {"user": 93, "employee_id": "PRZ-EMP-010", "gender": "Female", "father_or_spouse_name": "Shankar Kamble", "date_of_birth": "1985-08-21", "nationality": "Indian", "education_level": "MBA (HR)", "date_of_joining": "2016-05-03", "email": "", "mobile": "9887766554", "uan": "103456789012", "pan": "LKJHG3322T", "pan_attachment": "pan_attachments/Screenshot_from_2025-07-16_17-28-25.png", "aadhaar": "967890123456", "aadhaar_attachment": "aadhaar_attachments/Screenshot_from_2025-07-16_17-28-40.png", "mark_of_identification": "Mole near eyebrow", "photo": "photos/Profile_j03Cxbg.jpg", "specimen_signature": "", "signature_template": "signature_templates/signature_template_93_20251225_150954.png", "signature_template_data": {"user_id": 93, "full_name": "Sunita Kamble", "designation": "Supervisor", "company_name": "Athens EHS System", "template_created_at": "2025-12-25T15:09:54.669478", "template_version": "2.0"}, "is_approved": true, "approved_by": 64, "approved_at": "2025-12-26T05:49:51.573Z", "created_at": "2025-12-25T15:09:54.460Z", "updated_at": "2025-12-26T05:49:51.573Z"}}, {"model": "authentication.userdetail", "pk": 35, "fields": {"user": 92, "employee_id": "PRZ-EMP-009", "gender": "Male", "father_or_spouse_name": "Rajesh Arora", "date_of_birth": "1993-05-05", "nationality": "Indian", "education_level": "MCA", "date_of_joining": "2017-02-08", "email": "", "mobile": "9090909090", "uan": "923456789012", "pan": "DFGER4455S", "pan_attachment": "pan_attachments/Screenshot_from_2025-07-16_17-28-40_LN84Bac.png", "aadhaar": "956789012345", "aadhaar_attachment": "aadhaar_attachments/promotion3_9Nzp9uc.png", "mark_of_identification": "Scar on forearm", "photo": "photos/Profile_al8JBi2.jpg", "specimen_signature": "", "signature_template": "signature_templates/signature_template_92_20251225_151042.png", "signature_template_data": {"user_id": 92, "full_name": "Mohit Arora", "designation": "Manager", "company_name": "Athens EHS System", "template_created_at": "2025-12-25T15:10:42.802680", "template_version": "2.0"}, "is_approved": true, "approved_by": 64, "approved_at": "2025-12-26T05:49:40.477Z", "created_at": "2025-12-25T15:10:42.625Z", "updated_at": "2025-12-26T05:49:40.477Z"}}, {"model": "authentication.userdetail", "pk": 36, "fields": {"user": 90, "employee_id": "PRZ-EMP-007", "gender": "Male", "father_or_spouse_name": "Devendra Chauhan", "date_of_birth": "2000-02-01", "nationality": "Indian", "education_level": "Diploma (Electrical)", "date_of_joining": "2023-05-03", "email": "", "mobile": "8877665544", "uan": "723456789012", "pan": "RTYUI5566P", "pan_attachment": "pan_attachments/Screenshot_from_2025-07-16_17-28-40_3MNuRC7.png", "aadhaar": "934567890123", "aadhaar_attachment": "aadhaar_attachments/Screenshot_from_2025-07-17_11-36-17_XOpA8Y0.png", "mark_of_identification": "Scar on chin", "photo": "photos/Profile_g7plp89.jpg", "specimen_signature": "", "signature_template": "signature_templates/signature_template_90_20251225_151225.png", "signature_template_data": {"user_id": 90, "full_name": "Rahul Chauhan", "designation": "TeamLeader", "company_name": "Athens EHS System", "template_created_at": "2025-12-25T15:12:25.549366", "template_version": "2.0"}, "is_approved": true, "approved_by": 64, "approved_at": "2025-12-26T05:49:16.301Z", "created_at": "2025-12-25T15:12:25.354Z", "updated_at": "2025-12-26T05:49:16.301Z"}}, {"model": "authentication.userdetail", "pk": 37, "fields": {"user": 88, "employee_id": "PRZ-EMP-005", "gender": "Male", "father_or_spouse_name": "Pradeep Saxena", "date_of_birth": "1989-08-30", "nationality": "Indian", "education_level": "B.Tech (IT)", "date_of_joining": "2022-08-17", "email": "", "mobile": "8899776651", "uan": "523456789012", "pan": "HJKLO9876M", "pan_attachment": "pan_attachments/Screenshot_from_2025-07-17_12-35-49.png", "aadhaar": "891234567890", "aadhaar_attachment": "aadhaar_attachments/Screenshot_from_2025-07-17_11-36-17.png", "mark_of_identification": "Scar on eyebrow", "photo": "photos/Profile_LNnLlwt.jpg", "specimen_signature": "", "signature_template": "signature_templates/signature_template_88_20251225_151353.png", "signature_template_data": {"user_id": 88, "full_name": "Aditya Saxena", "designation": "Manager", "company_name": "Athens EHS System", "template_created_at": "2025-12-25T15:13:53.401421", "template_version": "2.0"}, "is_approved": true, "approved_by": 64, "approved_at": "2025-12-26T05:47:23.816Z", "created_at": "2025-12-25T15:13:53.218Z", "updated_at": "2025-12-26T05:47:23.816Z"}}, {"model": "authentication.userdetail", "pk": 38, "fields": {"user": 100, "employee_id": "BKG-PRJ-SUP-2649", "gender": "Female", "father_or_spouse_name": "Mahesh Kulkarni", "date_of_birth": "1991-05-09", "nationality": "Indian", "education_level": "Diploma .Electrical Engineering", "date_of_joining": "2022-11-14", "email": "", "mobile": "9087654321", "uan": "789012345678", "pan": "FGHIJ4321L", "pan_attachment": "pan_attachments/Screenshot_3_6hzn6cy.png", "aadhaar": "901234567890", "aadhaar_attachment": "aadhaar_attachments/Screenshot_4.png", "mark_of_identification": "Scar on left forearm", "photo": "photos/Screenshot_6_j83962X.png", "specimen_signature": "", "signature_template": "signature_templates/signature_template_100_20251225_152353.png", "signature_template_data": {"user_id": 100, "full_name": "Nisha Kulkarni", "designation": "Supervisor", "company_name": "BK Green Energy", "template_created_at": "2025-12-25T15:23:53.396558", "template_version": "2.0"}, "is_approved": true, "approved_by": 65, "approved_at": "2025-12-26T05:49:05.327Z", "created_at": "2025-12-25T15:23:53.298Z", "updated_at": "2025-12-26T05:49:05.327Z"}}, {"model": "authentication.userdetail", "pk": 39, "fields": {"user": 84, "employee_id": "BKG-PRJ-ENG-2784", "gender": "Male", "father_or_spouse_name": "Rajesh Yadav", "date_of_birth": "1992-07-18", "nationality": "Indian", "education_level": "B.E. (Electrical Engineering)", "date_of_joining": "2023-04-10", "email": "", "mobile": "9156784320", "uan": "678901234567", "pan": "ABCDE6789K", "pan_attachment": "pan_attachments/Screenshot_2_KEIRldH.png", "aadhaar": "890123456789", "aadhaar_attachment": "aadhaar_attachments/Green_and_Gold_Gradient_Merry_Christmas_and_Happy_New_Year_Instagram_n0yl8AF.png", "mark_of_identification": "Mole on right cheek", "photo": "photos/Screenshot_6_CiapmVB.png", "specimen_signature": "", "signature_template": "signature_templates/signature_template_84_20251225_152454.png", "signature_template_data": {"user_id": 84, "full_name": "Deepak Yadav", "designation": "Engineer", "company_name": "BK Green Energy", "template_created_at": "2025-12-25T15:24:54.149675", "template_version": "2.0"}, "is_approved": true, "approved_by": 65, "approved_at": "2025-12-26T05:50:32.796Z", "created_at": "2025-12-25T15:24:54.055Z", "updated_at": "2025-12-26T05:50:32.796Z"}}, {"model": "authentication.userdetail", "pk": 40, "fields": {"user": 63, "employee_id": "TU22-PRJ-2045", "gender": "Female", "father_or_spouse_name": "Amit Chopra", "date_of_birth": "1992-03-18", "nationality": "Indian", "education_level": "Diploma in Civil Engineering", "date_of_joining": "2024-02-12", "email": "", "mobile": "9123456789", "uan": "456789012345", "pan": "FGHIJ6789K", "pan_attachment": "pan_attachments/Screenshot_6.png", "aadhaar": "345678901234", "aadhaar_attachment": "aadhaar_attachments/Screenshot_4_36QlAis.png", "mark_of_identification": "Small scar on right eyebrow", "photo": "photos/Screenshot_5_6YgKnaI.png", "specimen_signature": "", "signature_template": "", "signature_template_data": null, "is_approved": false, "approved_by": null, "approved_at": null, "created_at": "2025-12-26T04:09:41.485Z", "updated_at": "2025-12-26T06:17:20.899Z"}}, {"model": "authentication.userdetail", "pk": 41, "fields": {"user": 64, "employee_id": "PRZ-EMP-001", "gender": "Female", "father_or_spouse_name": "Ramesh Salunkhe", "date_of_birth": "1993-05-19", "nationality": "Indian", "education_level": "B.Tech (Civil Engineering)", "date_of_joining": "2023-02-01", "email": "", "mobile": "9876543210", "uan": "214323122344", "pan": "KJHGF3456R", "pan_attachment": "", "aadhaar": "456789123012", "aadhaar_attachment": "", "mark_of_identification": "Mole on left cheek", "photo": "", "specimen_signature": "", "signature_template": "", "signature_template_data": null, "is_approved": false, "approved_by": null, "approved_at": null, "created_at": "2025-12-26T05:02:49.514Z", "updated_at": "2025-12-26T06:20:29.918Z"}}, {"model": "authentication.userdetail", "pk": 42, "fields": {"user": 71, "employee_id": "TU22-SAF-3174", "gender": "Male", "father_or_spouse_name": "Rajesh Singh", "date_of_birth": "1991-03-22", "nationality": "Indian", "education_level": "B.E . Mechanical Engineering", "date_of_joining": "2023-01-10", "email": "", "mobile": "9123456789", "uan": "789012345678", "pan": "LMNOP2345Q", "pan_attachment": "pan_attachments/Screenshot_2.png", "aadhaar": "234567890123", "aadhaar_attachment": "aadhaar_attachments/Screenshot_1.png", "mark_of_identification": "Mole on right cheek", "photo": "photos/Screenshot_5.png", "specimen_signature": "", "signature_template": "signature_templates/signature_template_71_20251226_050531.png", "signature_template_data": {"user_id": 71, "full_name": "Vikram Singh", "designation": "TeamLeader", "company_name": "Torrent Urja 22 PVT LTD", "template_created_at": "2025-12-26T05:05:31.987924", "template_version": "2.0"}, "is_approved": false, "approved_by": null, "approved_at": null, "created_at": "2025-12-26T05:04:59.459Z", "updated_at": "2025-12-26T05:22:16.886Z"}}, {"model": "authentication.userdetail", "pk": 43, "fields": {"user": 86, "employee_id": "PRZ-EMP-003", "gender": "Male", "father_or_spouse_name": "Mahesh Agarwal", "date_of_birth": "1988-02-24", "nationality": "Indian", "education_level": "MBA (Operations)", "date_of_joining": "2024-05-08", "email": "", "mobile": "9012345678", "uan": "323456789012", "pan": "ASDFG6789K", "pan_attachment": "pan_attachments/notifi.png", "aadhaar": "678912345678", "aadhaar_attachment": "aadhaar_attachments/promotion2.png", "mark_of_identification": "Birthmark on neck", "photo": "photos/Profile_b4Bsssk.jpg", "specimen_signature": "", "signature_template": "signature_templates/signature_template_86_20251226_050928.png", "signature_template_data": {"user_id": 86, "full_name": "Karan Agarwal", "designation": "Engineer", "company_name": "Athens EHS System", "template_created_at": "2025-12-26T05:09:28.530325", "template_version": "2.0"}, "is_approved": true, "approved_by": 64, "approved_at": "2025-12-26T05:46:19.330Z", "created_at": "2025-12-26T05:09:28.321Z", "updated_at": "2025-12-26T05:46:19.330Z"}}, {"model": "authentication.userdetail", "pk": 44, "fields": {"user": 87, "employee_id": "PRZ-EMP-004", "gender": "Female", "father_or_spouse_name": "Vinod Joshi", "date_of_birth": "1992-12-05", "nationality": "Indian", "education_level": "M.Com", "date_of_joining": "2024-05-08", "email": "", "mobile": "9988776655", "uan": "423456789012", "pan": "ZXCVB3456L", "pan_attachment": "pan_attachments/promotion1.png", "aadhaar": "789123456789", "aadhaar_attachment": "aadhaar_attachments/promotion3.png", "mark_of_identification": "Mole on right hand", "photo": "photos/Profile_WJh8Mik.jpg", "specimen_signature": "", "signature_template": "signature_templates/signature_template_87_20251226_051327.png", "signature_template_data": {"user_id": 87, "full_name": "Meena Joshi", "designation": "TeamLeader", "company_name": "Athens EHS System", "template_created_at": "2025-12-26T05:13:27.468371", "template_version": "2.0"}, "is_approved": true, "approved_by": 64, "approved_at": "2025-12-26T05:46:55.196Z", "created_at": "2025-12-26T05:13:27.296Z", "updated_at": "2025-12-26T05:46:55.197Z"}}, {"model": "authentication.userdetail", "pk": 45, "fields": {"user": 89, "employee_id": "PRZ-EMP-006", "gender": "Female", "father_or_spouse_name": "Anil Pawar", "date_of_birth": "2002-12-24", "nationality": "Indian", "education_level": "B.Sc", "date_of_joining": "2024-05-08", "email": "", "mobile": "7766554433", "uan": "623456789012", "pan": "MNOPQ1122N", "pan_attachment": "pan_attachments/promotional6.png", "aadhaar": "912345678901", "aadhaar_attachment": "aadhaar_attachments/promotion3_2ogEr6T.png", "mark_of_identification": "Dimple on left cheek", "photo": "photos/Profile_jwOi2dm.jpg", "specimen_signature": "", "signature_template": "signature_templates/signature_template_89_20251226_052019.png", "signature_template_data": {"user_id": 89, "full_name": "Shilpa Pawar", "designation": "Engineer", "company_name": "Athens EHS System", "template_created_at": "2025-12-26T05:20:19.100952", "template_version": "2.0"}, "is_approved": true, "approved_by": 64, "approved_at": "2025-12-26T05:47:36.472Z", "created_at": "2025-12-26T05:20:18.890Z", "updated_at": "2025-12-26T05:47:36.472Z"}}, {"model": "authentication.userdetail", "pk": 46, "fields": {"user": 91, "employee_id": "PRZ-EMP-008", "gender": "Female", "father_or_spouse_name": "Alok Bhatt", "date_of_birth": "1997-06-13", "nationality": "Indian", "education_level": "M.Sc (Environment)", "date_of_joining": "2021-09-07", "email": "", "mobile": "9988123456", "uan": "823456789012", "pan": "PLMKO7788R", "pan_attachment": "pan_attachments/Screenshot_from_2025-07-19_09-59-42.png", "aadhaar": "945678901234", "aadhaar_attachment": "aadhaar_attachments/promotional6.png", "mark_of_identification": "Birthmark on wrist", "photo": "photos/Profile_T6iSFcA.jpg", "specimen_signature": "", "signature_template": "signature_templates/signature_template_91_20251226_052508.png", "signature_template_data": {"user_id": 91, "full_name": "Divya Bhatt", "designation": "Engineer", "company_name": "Athens EHS System", "template_created_at": "2025-12-26T05:25:08.642775", "template_version": "2.0"}, "is_approved": true, "approved_by": 64, "approved_at": "2025-12-26T05:49:26.770Z", "created_at": "2025-12-26T05:25:08.462Z", "updated_at": "2025-12-26T05:49:26.770Z"}}, {"model": "authentication.userdetail", "pk": 47, "fields": {"user": 67, "employee_id": "TU22-QLT-TL-4392", "gender": "Female", "father_or_spouse_name": "Suresh Verma", "date_of_birth": "1991-11-06", "nationality": "Indian", "education_level": "B.E . Civil Engineering", "date_of_joining": "2022-08-22", "email": "", "mobile": "9123456789", "uan": "567890123456", "pan": "LMNOP6789R", "pan_attachment": "pan_attachments/Screenshot_3.png", "aadhaar": "789012345678", "aadhaar_attachment": "aadhaar_attachments/Screenshot_6_RPG1DEA.png", "mark_of_identification": "Mole on right cheek", "photo": "photos/Screenshot_6_1a7jPZQ.png", "specimen_signature": "", "signature_template": "signature_templates/signature_template_67_20251226_052800.png", "signature_template_data": {"user_id": 67, "full_name": "Neha Verma", "designation": "TeamLeader", "company_name": "Torrent Urja 22 PVT LTD", "template_created_at": "2025-12-26T05:28:00.449993", "template_version": "2.0"}, "is_approved": false, "approved_by": null, "approved_at": null, "created_at": "2025-12-26T05:28:00.366Z", "updated_at": "2025-12-26T05:31:22.355Z"}}, {"model": "authentication.userdetail", "pk": 48, "fields": {"user": 94, "employee_id": "PRZ-EMP-011", "gender": "Male", "father_or_spouse_name": "R K Tripathi", "date_of_birth": "1990-01-31", "nationality": "Indian", "education_level": "M.Tech", "date_of_joining": "2013-08-21", "email": "", "mobile": "9776655443", "uan": "113456789012", "pan": "UYTRE9988U", "pan_attachment": "pan_attachments/Screenshot_from_2025-07-19_09-55-24.png", "aadhaar": "978901234567", "aadhaar_attachment": "aadhaar_attachments/promotion8.png", "mark_of_identification": "Scar on forehead", "photo": "photos/Profile_23EwsZg.jpg", "specimen_signature": "", "signature_template": "signature_templates/signature_template_94_20251226_053437.png", "signature_template_data": {"user_id": 94, "full_name": "Akash Tripathi", "designation": "Assistant", "company_name": "Athens EHS System", "template_created_at": "2025-12-26T05:34:37.285034", "template_version": "2.0"}, "is_approved": true, "approved_by": 64, "approved_at": "2025-12-26T05:50:10.398Z", "created_at": "2025-12-26T05:34:37.100Z", "updated_at": "2025-12-26T05:50:10.398Z"}}, {"model": "authentication.userdetail", "pk": 49, "fields": {"user": 65, "employee_id": "BKG-PRJ-ENG-2784", "gender": "Male", "father_or_spouse_name": "Rajesh Yadav", "date_of_birth": "1992-07-18", "nationality": "Indian", "education_level": "B.E. (Electrical Engineering)", "date_of_joining": "2023-04-10", "email": "", "mobile": "9156784320", "uan": "678901234567", "pan": "ABCDE6789K", "pan_attachment": "", "aadhaar": "890123456789", "aadhaar_attachment": "", "mark_of_identification": "Mole on right cheek", "photo": "", "specimen_signature": "", "signature_template": "", "signature_template_data": null, "is_approved": false, "approved_by": null, "approved_at": null, "created_at": "2025-12-26T05:48:57.784Z", "updated_at": "2025-12-26T05:50:32.743Z"}}, {"model": "authentication.companydetail", "pk": 1, "fields": {"user": 5, "company_name": "Prozeal Green Energy Limited", "registered_office_address": "West Wing, 1209-1212, STRATUM @ Venus Grounds, Near Jhasi Ki Rani Statue, Nehru nagar, Ahmedabad - 380015, India", "pan": "AAHCP3289L", "gst": "24AAHCP3289L1ZY", "company_logo": "company_logos/PROZEAL_GREEN_ENERGY_TM_LOGO_HTRWT4X.png", "contact_phone": "07940191727", "contact_email": "info@prozealgreen.com", "project_capacity_completed": 500, "project_capacity_ongoing": 150, "created_at": "2025-12-20T19:04:11.934Z", "updated_at": "2025-12-26T04:29:12.468Z"}}, {"model": "authentication.companydetail", "pk": 2, "fields": {"user": 37, "company_name": "", "registered_office_address": "", "pan": "", "gst": "", "company_logo": "", "contact_phone": "", "contact_email": "", "project_capacity_completed": 0, "project_capacity_ongoing": 0, "created_at": "2025-12-22T05:17:17.034Z", "updated_at": "2025-12-22T05:17:17.034Z"}}, {"model": "authentication.companydetail", "pk": 3, "fields": {"user": 50, "company_name": "", "registered_office_address": "", "pan": "", "gst": "", "company_logo": "", "contact_phone": "", "contact_email": "", "project_capacity_completed": 0, "project_capacity_ongoing": 0, "created_at": "2025-12-22T10:28:36.535Z", "updated_at": "2025-12-22T10:28:36.535Z"}}, {"model": "authentication.companydetail", "pk": 4, "fields": {"user": 4, "company_name": "Athens EHS System", "registered_office_address": "Your Company Address", "pan": "ABCDE1234F", "gst": "12ABCDE1234F1Z5", "company_logo": "company_logos/PROZEAL_GREEN_ENERGY_TM_LOGO.png", "contact_phone": "+1234567890", "contact_email": "info@athensehs.com", "project_capacity_completed": 0, "project_capacity_ongoing": 0, "created_at": "2025-12-24T12:03:54.589Z", "updated_at": "2025-12-24T12:24:41.290Z"}}, {"model": "authentication.companydetail", "pk": 5, "fields": {"user": 64, "company_name": "", "registered_office_address": "", "pan": "", "gst": "", "company_logo": "", "contact_phone": "", "contact_email": "", "project_capacity_completed": 0, "project_capacity_ongoing": 0, "created_at": "2025-12-25T13:05:37.945Z", "updated_at": "2025-12-25T13:05:37.945Z"}}, {"model": "authentication.admindetail", "pk": 2, "fields": {"user": 14, "name": "Abishek Singh", "phone_number": "8787898654", "pan_number": "ADFRT4545G", "gst_number": "24ADFRT4545G1Z5", "photo": "admin_photos/1000003676_jRnuZIf.jpg", "logo": "admin_logos/1000389156_aFipm2L.png", "signature_template": "admin_signature_templates/admin_signature_template_14_20251221_170340.png", "signature_template_data": {"user_id": 14, "full_name": "Abishek Singh", "designation": "", "company_name": "Torrent Saurya Urja 14 Pvt Ltd", "template_created_at": "2025-12-21T17:03:40.038381", "template_version": "2.0", "template_type": "admin"}, "is_approved": true, "approved_by": 5, "approved_at": "2025-12-21T11:19:45.971Z", "created_at": "2025-12-21T08:33:31.965Z", "updated_at": "2025-12-21T17:03:40.039Z"}}, {"model": "authentication.admindetail", "pk": 3, "fields": {"user": 15, "name": null, "phone_number": null, "pan_number": null, "gst_number": null, "photo": "", "logo": "", "signature_template": "", "signature_template_data": null, "is_approved": false, "approved_by": null, "approved_at": null, "created_at": "2025-12-21T17:07:05.998Z", "updated_at": "2025-12-21T17:07:05.998Z"}}, {"model": "authentication.admindetail", "pk": 5, "fields": {"user": 32, "name": null, "phone_number": null, "pan_number": null, "gst_number": null, "photo": "", "logo": "", "signature_template": "", "signature_template_data": null, "is_approved": false, "approved_by": null, "approved_at": null, "created_at": "2025-12-22T04:33:22.515Z", "updated_at": "2025-12-22T04:33:22.515Z"}}, {"model": "authentication.admindetail", "pk": 6, "fields": {"user": 37, "name": "John", "phone_number": "9783334234", "pan_number": null, "gst_number": null, "photo": "admin_photos/IMG_20250212_173825.png", "logo": "", "signature_template": "admin_signature_templates/admin_signature_template_37_20251222_055726.png", "signature_template_data": {"user_id": 37, "full_name": "John", "designation": "", "company_name": "", "template_created_at": "2025-12-22T05:57:26.860774", "template_version": "2.0", "template_type": "admin"}, "is_approved": true, "approved_by": 5, "approved_at": "2025-12-22T05:50:16.983Z", "created_at": "2025-12-22T05:17:17.182Z", "updated_at": "2025-12-26T04:17:32.335Z"}}, {"model": "authentication.admindetail", "pk": 7, "fields": {"user": 33, "name": "Clinton", "phone_number": "7754100255", "pan_number": "ABCDE1234F", "gst_number": "22ABCDE1234F1Z5", "photo": "admin_photos/stock-vector-passport-size-photo-icon-business-signs-and-symbols-2419724883.jpg", "logo": "admin_logos/OIP.webp", "signature_template": "admin_signature_templates/admin_signature_template_33_20251222_061815.png", "signature_template_data": {"user_id": 33, "full_name": "Clinton", "designation": "", "company_name": "AK116", "template_created_at": "2025-12-22T06:18:15.143368", "template_version": "2.0", "template_type": "admin"}, "is_approved": true, "approved_by": 5, "approved_at": "2025-12-22T06:18:36.070Z", "created_at": "2025-12-22T06:16:10.125Z", "updated_at": "2025-12-26T04:08:21.481Z"}}, {"model": "authentication.admindetail", "pk": 8, "fields": {"user": 38, "name": "Simon", "phone_number": "9751156031", "pan_number": "AABCT1234K", "gst_number": "33AABCT1234K1Z1", "photo": "admin_photos/NELSON_RAJ__Photo.jpeg", "logo": "admin_logos/AS-Logo-Header.png.webp", "signature_template": "admin_signature_templates/admin_signature_template_38_20251223_041939.png", "signature_template_data": {"user_id": 38, "full_name": "Simon", "designation": "", "company_name": "AK116", "template_created_at": "2025-12-23T04:19:39.648995", "template_version": "2.0", "template_type": "admin"}, "is_approved": true, "approved_by": 5, "approved_at": "2025-12-23T04:20:00.901Z", "created_at": "2025-12-22T07:57:41.089Z", "updated_at": "2025-12-23T04:20:00.901Z"}}, {"model": "authentication.admindetail", "pk": 9, "fields": {"user": 53, "name": "Vijay", "phone_number": "9876543211", "pan_number": "AFZPK7190K", "gst_number": "27ABCDE1234F2Z5", "photo": "admin_photos/Screenshot_5.png", "logo": "", "signature_template": "admin_signature_templates/admin_signature_template_53_20251222_092349.png", "signature_template_data": {"user_id": 53, "full_name": "Vijay", "designation": "", "company_name": "Vara Infra Projects Private Limited", "template_created_at": "2025-12-22T09:23:49.530743", "template_version": "2.0", "template_type": "admin"}, "is_approved": false, "approved_by": null, "approved_at": null, "created_at": "2025-12-22T09:14:53.546Z", "updated_at": "2025-12-22T09:23:49.532Z"}}, {"model": "authentication.admindetail", "pk": 10, "fields": {"user": 50, "name": null, "phone_number": null, "pan_number": null, "gst_number": null, "photo": "", "logo": "", "signature_template": "", "signature_template_data": null, "is_approved": false, "approved_by": null, "approved_at": null, "created_at": "2025-12-22T10:28:36.680Z", "updated_at": "2025-12-22T10:28:36.680Z"}}, {"model": "authentication.admindetail", "pk": 11, "fields": {"user": 49, "name": "Arun", "phone_number": "6380328692", "pan_number": "RZHPS7692D", "gst_number": "33RZHPS7692D1ZJ", "photo": "admin_photos/AS-Logo-Header-819x1024_fAiZAHJ.webp", "logo": "admin_logos/AS-Logo-Header-819x1024_1_1_uPWBFG1.webp", "signature_template": "admin_signature_templates/admin_signature_template_49_20251222_121851.png", "signature_template_data": {"user_id": 49, "full_name": "Arun", "designation": "", "company_name": "Green Horizon Energy Private Limited", "template_created_at": "2025-12-22T12:18:51.355945", "template_version": "2.0", "template_type": "admin"}, "is_approved": true, "approved_by": 5, "approved_at": "2025-12-22T12:27:24.450Z", "created_at": "2025-12-22T12:11:46.855Z", "updated_at": "2025-12-22T12:27:24.450Z"}}, {"model": "authentication.admindetail", "pk": 12, "fields": {"user": 4, "name": null, "phone_number": "", "pan_number": "", "gst_number": "", "photo": "", "logo": "", "signature_template": "", "signature_template_data": null, "is_approved": false, "approved_by": null, "approved_at": null, "created_at": "2025-12-22T13:58:52.113Z", "updated_at": "2025-12-22T13:58:52.113Z"}}, {"model": "authentication.admindetail", "pk": 16, "fields": {"user": 13, "name": null, "phone_number": "", "pan_number": "", "gst_number": "", "photo": "", "logo": "", "signature_template": "", "signature_template_data": null, "is_approved": false, "approved_by": null, "approved_at": null, "created_at": "2025-12-22T13:58:52.139Z", "updated_at": "2025-12-22T13:58:52.139Z"}}, {"model": "authentication.admindetail", "pk": 17, "fields": {"user": 16, "name": null, "phone_number": "", "pan_number": "", "gst_number": "", "photo": "", "logo": "", "signature_template": "", "signature_template_data": null, "is_approved": false, "approved_by": null, "approved_at": null, "created_at": "2025-12-22T13:58:52.144Z", "updated_at": "2025-12-22T13:58:52.144Z"}}, {"model": "authentication.admindetail", "pk": 18, "fields": {"user": 17, "name": null, "phone_number": "", "pan_number": "", "gst_number": "", "photo": "", "logo": "", "signature_template": "", "signature_template_data": null, "is_approved": false, "approved_by": null, "approved_at": null, "created_at": "2025-12-22T13:58:52.148Z", "updated_at": "2025-12-22T13:58:52.148Z"}}, {"model": "authentication.admindetail", "pk": 19, "fields": {"user": 30, "name": null, "phone_number": "", "pan_number": "", "gst_number": "", "photo": "", "logo": "", "signature_template": "", "signature_template_data": null, "is_approved": false, "approved_by": null, "approved_at": null, "created_at": "2025-12-22T13:58:52.154Z", "updated_at": "2025-12-22T13:58:52.154Z"}}, {"model": "authentication.admindetail", "pk": 20, "fields": {"user": 31, "name": null, "phone_number": "", "pan_number": "", "gst_number": "", "photo": "", "logo": "", "signature_template": "", "signature_template_data": null, "is_approved": false, "approved_by": null, "approved_at": null, "created_at": "2025-12-22T13:58:52.158Z", "updated_at": "2025-12-22T13:58:52.158Z"}}, {"model": "authentication.admindetail", "pk": 21, "fields": {"user": 35, "name": null, "phone_number": "", "pan_number": "", "gst_number": "", "photo": "", "logo": "", "signature_template": "", "signature_template_data": null, "is_approved": false, "approved_by": null, "approved_at": null, "created_at": "2025-12-22T13:58:52.164Z", "updated_at": "2025-12-26T04:07:39.121Z"}}, {"model": "authentication.admindetail", "pk": 22, "fields": {"user": 36, "name": "Gobi", "phone_number": "8989876765", "pan_number": "RZHPS7692D", "gst_number": "33RZHPS7692D1ZJ", "photo": "", "logo": "", "signature_template": "admin_signature_templates/admin_signature_template_36_20251223_123952.png", "signature_template_data": {"user_id": 36, "full_name": "Gobi", "designation": "", "company_name": "", "template_created_at": "2025-12-23T12:39:52.529907", "template_version": "2.0", "template_type": "admin"}, "is_approved": true, "approved_by": 5, "approved_at": "2025-12-23T12:02:05.882Z", "created_at": "2025-12-22T13:58:52.169Z", "updated_at": "2025-12-25T05:18:40.056Z"}}, {"model": "authentication.admindetail", "pk": 23, "fields": {"user": 60, "name": null, "phone_number": null, "pan_number": null, "gst_number": null, "photo": "", "logo": "", "signature_template": "", "signature_template_data": null, "is_approved": false, "approved_by": null, "approved_at": null, "created_at": "2025-12-25T11:54:53.327Z", "updated_at": "2025-12-25T11:54:53.334Z"}}, {"model": "authentication.admindetail", "pk": 24, "fields": {"user": 61, "name": null, "phone_number": null, "pan_number": null, "gst_number": null, "photo": "", "logo": "", "signature_template": "", "signature_template_data": null, "is_approved": false, "approved_by": null, "approved_at": null, "created_at": "2025-12-25T11:54:57.967Z", "updated_at": "2025-12-25T11:54:57.973Z"}}, {"model": "authentication.admindetail", "pk": 25, "fields": {"user": 62, "name": null, "phone_number": null, "pan_number": null, "gst_number": null, "photo": "", "logo": "", "signature_template": "", "signature_template_data": null, "is_approved": false, "approved_by": null, "approved_at": null, "created_at": "2025-12-25T11:55:01.716Z", "updated_at": "2025-12-25T11:55:01.730Z"}}, {"model": "authentication.admindetail", "pk": 26, "fields": {"user": 63, "name": "Arun", "phone_number": "6380795088", "pan_number": "JJFPK6756J", "gst_number": "33JJFPK6756J1ZP", "photo": "admin_photos/Annai_Muthir_Mazhalaiyar_Trust_-_LoGo.png", "logo": "admin_logos/Annai_Muthir_Mazhalaiyar_Trust_-_LoGo.png", "signature_template": "admin_signature_templates/admin_signature_template_63_20251225_123941.png", "signature_template_data": {"user_id": 63, "full_name": "Arun", "designation": "", "company_name": "Torrent Urja 22 PVT LTD", "template_created_at": "2025-12-25T12:39:41.481502", "template_version": "2.0", "template_type": "admin"}, "is_approved": true, "approved_by": 5, "approved_at": "2025-12-25T12:36:17.856Z", "created_at": "2025-12-25T12:25:36.539Z", "updated_at": "2025-12-25T12:39:41.482Z"}}, {"model": "authentication.admindetail", "pk": 27, "fields": {"user": 65, "name": "Chandru", "phone_number": "9876543210", "pan_number": "ABCDE1234F", "gst_number": "33ABCDE1234F1Z9", "photo": "admin_photos/AS-Logo-Header-819x1024_1.webp", "logo": "admin_logos/AS-Logo-Header-819x1024.webp", "signature_template": "admin_signature_templates/admin_signature_template_65_20251225_123250.png", "signature_template_data": {"user_id": 65, "full_name": "Chandru", "designation": "", "company_name": "BK Green Energy", "template_created_at": "2025-12-25T12:32:50.398485", "template_version": "2.0", "template_type": "admin"}, "is_approved": true, "approved_by": 5, "approved_at": "2025-12-25T12:36:26.517Z", "created_at": "2025-12-25T12:28:12.972Z", "updated_at": "2025-12-25T12:36:26.517Z"}}, {"model": "authentication.admindetail", "pk": 28, "fields": {"user": 64, "name": "Pradharshan", "phone_number": "6380328692", "pan_number": null, "gst_number": null, "photo": "admin_photos/AS-Logo-Header-819x1024_2.webp", "logo": "", "signature_template": "admin_signature_templates/admin_signature_template_64_20251225_130636.png", "signature_template_data": {"user_id": 64, "full_name": "Pradharshan", "designation": "", "company_name": "Athens EHS System", "template_created_at": "2025-12-25T13:06:36.315968", "template_version": "2.0", "template_type": "admin"}, "is_approved": true, "approved_by": 5, "approved_at": "2025-12-25T13:11:01.470Z", "created_at": "2025-12-25T13:05:38.067Z", "updated_at": "2025-12-25T13:11:01.471Z"}}, {"model": "authentication.notification", "pk": 1, "fields": {"user": 5, "title": "Test: Admin Details Submitted", "message": "Client@TU14 submitted details for approval.", "notification_type": "approval", "data": {"userId": 14, "user_id": 14, "formType": "admindetail", "username": "Client@TU14", "admin_type": "client"}, "link": "/dashboard/admindetail", "read": true, "read_at": "2025-12-21T11:19:26.161Z", "created_at": "2025-12-21T11:18:48.283Z", "updated_at": "2025-12-21T11:18:48.283Z", "sender": 14}}, {"model": "authentication.notification", "pk": 2, "fields": {"user": 14, "title": "Your Details Approved", "message": "Your admin details have been approved by the master administrator.", "notification_type": "approval", "data": {"formType": "admindetail", "approved": true}, "link": null, "read": true, "read_at": "2025-12-21T11:19:59.547Z", "created_at": "2025-12-21T11:19:45.986Z", "updated_at": "2025-12-21T11:19:45.995Z", "sender": 5}}, {"model": "authentication.notification", "pk": 3, "fields": {"user": 14, "title": "User Details Submitted", "message": "Eshwar submitted details for approval.", "notification_type": "approval", "data": {"userId": 22, "formType": "userdetail"}, "link": "/dashboard/profile", "read": true, "read_at": "2025-12-21T18:16:15.650Z", "created_at": "2025-12-21T18:16:04.348Z", "updated_at": "2025-12-21T18:16:04.385Z", "sender": 22}}, {"model": "authentication.notification", "pk": 4, "fields": {"user": 22, "title": "Your Details Approved", "message": "Your details have been approved by the administrator.", "notification_type": "approval", "data": {"formType": "userdetail", "approved": true}, "link": null, "read": false, "read_at": null, "created_at": "2025-12-21T18:16:35.158Z", "updated_at": "2025-12-21T18:16:35.158Z", "sender": 14}}, {"model": "authentication.notification", "pk": 5, "fields": {"user": 14, "title": "User Approved Successfully", "message": "You approved details for Eshwar.", "notification_type": "approval", "data": {"formType": "userdetail", "approved": true, "adminAction": true}, "link": null, "read": false, "read_at": null, "created_at": "2025-12-21T18:16:35.168Z", "updated_at": "2025-12-21T18:16:35.169Z", "sender": 14}}, {"model": "authentication.notification", "pk": 6, "fields": {"user": 22, "title": "Your Details Approved", "message": "Your user details have been approved by the administrator.", "notification_type": "approval", "data": {"formType": "userdetail", "itemId": 22, "approved": true}, "link": null, "read": true, "read_at": "2025-12-21T18:16:55.012Z", "created_at": "2025-12-21T18:16:35.182Z", "updated_at": "2025-12-21T18:16:35.182Z", "sender": 14}}, {"model": "authentication.notification", "pk": 7, "fields": {"user": 5, "title": "Admin Details Submitted", "message": "Nelson submitted details for approval.", "notification_type": "approval", "data": {"userId": "26", "user_id": "26", "formType": "admindetail", "username": "clientadmin01", "admin_type": "client"}, "link": "/dashboard/admindetail", "read": true, "read_at": "2025-12-22T04:04:24.220Z", "created_at": "2025-12-21T19:15:55.449Z", "updated_at": "2025-12-21T19:15:55.449Z", "sender": null}}, {"model": "authentication.notification", "pk": 9, "fields": {"user": 5, "title": "Admin Details Submitted", "message": "John submitted details for approval.", "notification_type": "approval", "data": {"userId": 37, "user_id": 37, "formType": "admindetail", "username": "John", "admin_type": "epc"}, "link": "/dashboard/admindetail", "read": true, "read_at": "2025-12-22T05:49:54.029Z", "created_at": "2025-12-22T05:45:39.536Z", "updated_at": "2025-12-22T05:45:39.548Z", "sender": 37}}, {"model": "authentication.notification", "pk": 10, "fields": {"user": 37, "title": "Your Details Approved", "message": "Your admin details have been approved by the master administrator.", "notification_type": "approval", "data": {"formType": "admindetail", "approved": true}, "link": null, "read": true, "read_at": "2025-12-22T05:53:22.325Z", "created_at": "2025-12-22T05:50:16.992Z", "updated_at": "2025-12-22T05:50:16.993Z", "sender": 5}}, {"model": "authentication.notification", "pk": 11, "fields": {"user": 37, "title": "User Details Submitted", "message": "Joel submitted details for approval.", "notification_type": "approval", "data": {"userId": 40, "formType": "userdetail"}, "link": "/dashboard/profile", "read": true, "read_at": "2025-12-22T06:09:08.185Z", "created_at": "2025-12-22T06:08:51.192Z", "updated_at": "2025-12-22T06:08:51.193Z", "sender": 40}}, {"model": "authentication.notification", "pk": 12, "fields": {"user": 40, "title": "Your Details Approved", "message": "Your details have been approved by the administrator.", "notification_type": "approval", "data": {"formType": "userdetail", "approved": true}, "link": null, "read": true, "read_at": "2025-12-22T06:10:28.230Z", "created_at": "2025-12-22T06:09:52.985Z", "updated_at": "2025-12-22T06:09:52.986Z", "sender": 37}}, {"model": "authentication.notification", "pk": 13, "fields": {"user": 37, "title": "User Approved Successfully", "message": "You approved details for Joel.", "notification_type": "approval", "data": {"formType": "userdetail", "approved": true, "adminAction": true}, "link": null, "read": true, "read_at": "2025-12-22T08:18:07.408Z", "created_at": "2025-12-22T06:09:53.002Z", "updated_at": "2025-12-22T06:09:53.002Z", "sender": 37}}, {"model": "authentication.notification", "pk": 14, "fields": {"user": 40, "title": "Your Details Approved", "message": "Your user details have been approved by the administrator.", "notification_type": "approval", "data": {"formType": "userdetail", "itemId": 40, "approved": true}, "link": null, "read": true, "read_at": "2025-12-22T06:10:23.816Z", "created_at": "2025-12-22T06:09:53.019Z", "updated_at": "2025-12-22T06:09:53.019Z", "sender": 37}}, {"model": "authentication.notification", "pk": 15, "fields": {"user": 5, "title": "Admin Details Submitted", "message": "Clinton submitted details for approval.", "notification_type": "approval", "data": {"userId": 33, "user_id": 33, "formType": "admindetail", "username": "Clinton", "admin_type": "client"}, "link": "/dashboard/admindetail", "read": true, "read_at": "2025-12-22T06:18:26.142Z", "created_at": "2025-12-22T06:18:15.200Z", "updated_at": "2025-12-22T06:18:15.200Z", "sender": 33}}, {"model": "authentication.notification", "pk": 16, "fields": {"user": 33, "title": "Your Details Approved", "message": "Your admin details have been approved by the master administrator.", "notification_type": "approval", "data": {"formType": "admindetail", "approved": true}, "link": null, "read": true, "read_at": "2025-12-22T08:28:20.815Z", "created_at": "2025-12-22T06:18:36.077Z", "updated_at": "2025-12-22T06:18:36.077Z", "sender": 5}}, {"model": "authentication.notification", "pk": 17, "fields": {"user": 33, "title": "User Details Submitted", "message": "Wesley submitted details for approval.", "notification_type": "approval", "data": {"userId": 41, "formType": "userdetail"}, "link": "/dashboard/profile", "read": true, "read_at": "2025-12-22T06:29:06.333Z", "created_at": "2025-12-22T06:28:33.888Z", "updated_at": "2025-12-22T06:28:33.888Z", "sender": 41}}, {"model": "authentication.notification", "pk": 18, "fields": {"user": 41, "title": "Your Details Approved", "message": "Your details have been approved by the administrator.", "notification_type": "approval", "data": {"formType": "userdetail", "approved": true}, "link": null, "read": false, "read_at": null, "created_at": "2025-12-22T06:29:25.291Z", "updated_at": "2025-12-22T06:29:25.291Z", "sender": 33}}, {"model": "authentication.notification", "pk": 19, "fields": {"user": 33, "title": "User Approved Successfully", "message": "You approved details for Wesley.", "notification_type": "approval", "data": {"formType": "userdetail", "approved": true, "adminAction": true}, "link": null, "read": true, "read_at": "2025-12-22T08:28:20.815Z", "created_at": "2025-12-22T06:29:25.308Z", "updated_at": "2025-12-22T06:29:25.308Z", "sender": 33}}, {"model": "authentication.notification", "pk": 20, "fields": {"user": 41, "title": "Your Details Approved", "message": "Your user details have been approved by the administrator.", "notification_type": "approval", "data": {"formType": "userdetail", "itemId": 41, "approved": true}, "link": null, "read": false, "read_at": null, "created_at": "2025-12-22T06:29:25.321Z", "updated_at": "2025-12-22T06:29:25.321Z", "sender": 33}}, {"model": "authentication.notification", "pk": 21, "fields": {"user": 4, "title": "New Admin Details Submitted", "message": "Vijay.R (contractor) has submitted their admin details for approval.", "notification_type": "admin_detail_submission", "data": {"user_id": 53, "userId": 53, "username": "Vijay.R", "admin_type": "contractor", "company_name": "Vara Infra Projects Private Limited", "admin_detail_id": 9, "formType": "admindetail"}, "link": null, "read": false, "read_at": null, "created_at": "2025-12-22T09:23:49.541Z", "updated_at": "2025-12-22T09:23:49.543Z", "sender": 53}}, {"model": "authentication.notification", "pk": 22, "fields": {"user": 5, "title": "Admin Details Submitted", "message": "Vijay submitted details for approval.", "notification_type": "approval", "data": {"userId": "53", "user_id": "53", "formType": "admindetail", "username": "Vijay.R", "admin_type": "contractor1"}, "link": "/dashboard/admindetail", "read": true, "read_at": "2025-12-22T09:25:42.063Z", "created_at": "2025-12-22T09:23:49.631Z", "updated_at": "2025-12-22T09:23:49.649Z", "sender": 53}}, {"model": "authentication.notification", "pk": 23, "fields": {"user": 4, "title": "New Admin Details Submitted", "message": "Arun.s (client) has submitted their admin details for approval.", "notification_type": "admin_detail_submission", "data": {"user_id": 49, "userId": 49, "username": "Arun.s", "admin_type": "client", "company_name": "Green Horizon Energy Private Limited", "admin_detail_id": 11, "formType": "admindetail"}, "link": null, "read": false, "read_at": null, "created_at": "2025-12-22T12:18:51.375Z", "updated_at": "2025-12-22T12:18:51.386Z", "sender": 49}}, {"model": "authentication.notification", "pk": 24, "fields": {"user": 4, "title": "New Admin Details Submitted", "message": "Arun.s (client) has submitted their admin details for approval.", "notification_type": "admin_detail_submission", "data": {"user_id": 49, "userId": 49, "username": "Arun.s", "admin_type": "client", "company_name": "Green Horizon Energy Private Limited", "admin_detail_id": 11, "formType": "admindetail"}, "link": null, "read": false, "read_at": null, "created_at": "2025-12-22T12:18:52.643Z", "updated_at": "2025-12-22T12:18:52.643Z", "sender": 49}}, {"model": "authentication.notification", "pk": 25, "fields": {"user": 5, "title": "Admin Details Submitted", "message": "Arun submitted details for approval.", "notification_type": "approval", "data": {"userId": 49, "user_id": 49, "formType": "admindetail", "username": "Arun.s", "admin_type": "client"}, "link": "/dashboard/admindetail", "read": true, "read_at": "2025-12-22T12:26:58.394Z", "created_at": "2025-12-22T12:18:52.742Z", "updated_at": "2025-12-22T12:18:52.742Z", "sender": 49}}, {"model": "authentication.notification", "pk": 26, "fields": {"user": 49, "title": "Your Details Approved", "message": "Your admin details have been approved by the master administrator.", "notification_type": "approval", "data": {"formType": "admindetail", "approved": true}, "link": null, "read": false, "read_at": null, "created_at": "2025-12-22T12:27:24.457Z", "updated_at": "2025-12-22T12:27:24.457Z", "sender": 5}}, {"model": "authentication.notification", "pk": 27, "fields": {"user": 37, "title": "New User Details Submitted", "message": "ravi has submitted their user details for approval.", "notification_type": "user_detail_submission", "data": {"user_id": 44, "username": "ravi", "user_detail_id": 11, "formType": "userdetail"}, "link": null, "read": false, "read_at": null, "created_at": "2025-12-22T13:28:32.164Z", "updated_at": "2025-12-22T13:28:32.164Z", "sender": 44}}, {"model": "authentication.notification", "pk": 28, "fields": {"user": 37, "title": "User Details Submitted", "message": "Ravi submitted details for approval.", "notification_type": "approval", "data": {"userId": 44, "formType": "userdetail"}, "link": "/dashboard/profile", "read": true, "read_at": "2025-12-22T13:29:01.651Z", "created_at": "2025-12-22T13:28:32.225Z", "updated_at": "2025-12-22T13:28:32.234Z", "sender": 44}}, {"model": "authentication.notification", "pk": 29, "fields": {"user": 44, "title": "Your Details Approved", "message": "Your details have been approved by the administrator.", "notification_type": "approval", "data": {"formType": "userdetail", "approved": true}, "link": null, "read": false, "read_at": null, "created_at": "2025-12-22T13:29:22.455Z", "updated_at": "2025-12-22T13:29:22.455Z", "sender": 37}}, {"model": "authentication.notification", "pk": 30, "fields": {"user": 37, "title": "User Approved Successfully", "message": "You approved details for Ravi.", "notification_type": "approval", "data": {"formType": "userdetail", "approved": true, "adminAction": true}, "link": null, "read": true, "read_at": "2025-12-23T04:22:19.827Z", "created_at": "2025-12-22T13:29:22.468Z", "updated_at": "2025-12-22T13:29:22.468Z", "sender": 37}}, {"model": "authentication.notification", "pk": 31, "fields": {"user": 44, "title": "Your Details Approved", "message": "Your user details have been approved by the administrator.", "notification_type": "approval", "data": {"formType": "userdetail", "itemId": 44, "approved": true}, "link": null, "read": false, "read_at": null, "created_at": "2025-12-22T13:29:22.481Z", "updated_at": "2025-12-22T13:29:22.481Z", "sender": 37}}, {"model": "authentication.notification", "pk": 32, "fields": {"user": 4, "title": "New Admin Details Submitted", "message": "Simon (contractor) has submitted their admin details for approval.", "notification_type": "admin_detail_submission", "data": {"user_id": 38, "userId": 38, "username": "Simon", "admin_type": "contractor", "company_name": "AK116", "admin_detail_id": 8, "formType": "admindetail"}, "link": null, "read": false, "read_at": null, "created_at": "2025-12-23T04:19:39.662Z", "updated_at": "2025-12-23T04:19:39.665Z", "sender": 38}}, {"model": "authentication.notification", "pk": 33, "fields": {"user": 5, "title": "Admin Details Submitted", "message": "Simon submitted details for approval.", "notification_type": "approval", "data": {"userId": 38, "user_id": 38, "formType": "admindetail", "username": "Simon", "admin_type": "contractor1"}, "link": "/dashboard/admindetail", "read": true, "read_at": "2025-12-23T04:19:52.657Z", "created_at": "2025-12-23T04:19:39.754Z", "updated_at": "2025-12-23T04:19:39.764Z", "sender": 38}}, {"model": "authentication.notification", "pk": 34, "fields": {"user": 38, "title": "Your Details Approved", "message": "Your admin details have been approved by the master administrator.", "notification_type": "approval", "data": {"formType": "admindetail", "approved": true}, "link": null, "read": true, "read_at": "2025-12-23T07:14:56.032Z", "created_at": "2025-12-23T04:20:00.909Z", "updated_at": "2025-12-23T04:20:00.910Z", "sender": 5}}, {"model": "authentication.notification", "pk": 35, "fields": {"user": 38, "title": "New User Details Submitted", "message": "Jabez has submitted their user details for approval.", "notification_type": "user_detail_submission", "data": {"user_id": 43, "username": "Jabez", "user_detail_id": 12, "formType": "userdetail"}, "link": null, "read": false, "read_at": null, "created_at": "2025-12-23T07:14:03.807Z", "updated_at": "2025-12-23T07:14:03.812Z", "sender": 43}}, {"model": "authentication.notification", "pk": 36, "fields": {"user": 38, "title": "User Details Submitted", "message": "Jabez submitted details for approval.", "notification_type": "approval", "data": {"userId": 43, "formType": "userdetail"}, "link": "/dashboard/profile", "read": true, "read_at": "2025-12-23T07:14:18.027Z", "created_at": "2025-12-23T07:14:03.915Z", "updated_at": "2025-12-23T07:14:03.925Z", "sender": 43}}, {"model": "authentication.notification", "pk": 37, "fields": {"user": 43, "title": "Your Details Approved", "message": "Your details have been approved by the administrator.", "notification_type": "approval", "data": {"formType": "userdetail", "approved": true}, "link": null, "read": false, "read_at": null, "created_at": "2025-12-23T07:14:37.290Z", "updated_at": "2025-12-23T07:14:37.290Z", "sender": 38}}, {"model": "authentication.notification", "pk": 38, "fields": {"user": 38, "title": "User Approved Successfully", "message": "You approved details for Jabez.", "notification_type": "approval", "data": {"formType": "userdetail", "approved": true, "adminAction": true}, "link": null, "read": true, "read_at": "2025-12-23T07:14:47.866Z", "created_at": "2025-12-23T07:14:37.301Z", "updated_at": "2025-12-23T07:14:37.301Z", "sender": 38}}, {"model": "authentication.notification", "pk": 39, "fields": {"user": 43, "title": "Your Details Approved", "message": "Your user details have been approved by the administrator.", "notification_type": "approval", "data": {"formType": "userdetail", "itemId": 43, "approved": true}, "link": null, "read": false, "read_at": null, "created_at": "2025-12-23T07:14:37.312Z", "updated_at": "2025-12-23T07:14:37.312Z", "sender": 38}}, {"model": "authentication.notification", "pk": 40, "fields": {"user": 36, "title": "Your Details Approved", "message": "Your admin details have been approved by the master administrator.", "notification_type": "approval", "data": {"formType": "admindetail", "approved": true}, "link": null, "read": false, "read_at": null, "created_at": "2025-12-23T12:02:05.889Z", "updated_at": "2025-12-23T12:02:05.890Z", "sender": 5}}, {"model": "authentication.notification", "pk": 41, "fields": {"user": 37, "title": "Permission Request", "message": "Joel Blesswin requests delete permission", "notification_type": "permission_request", "data": {"request_id": 1, "requester": "Joel", "permission_type": "delete", "object_id": 2}, "link": "/dashboard/permissions/requests", "read": false, "read_at": null, "created_at": "2025-12-24T14:19:13.379Z", "updated_at": "2025-12-24T14:19:13.380Z", "sender": null}}, {"model": "authentication.notification", "pk": 42, "fields": {"user": 37, "title": "Permission Request", "message": "Joel Blesswin requests edit permission", "notification_type": "permission_request", "data": {"request_id": 2, "requester": "Joel", "permission_type": "edit", "object_id": "1"}, "link": "/dashboard/permissions/requests", "read": false, "read_at": null, "created_at": "2025-12-25T06:37:52.061Z", "updated_at": "2025-12-25T06:37:52.062Z", "sender": null}}, {"model": "authentication.notification", "pk": 43, "fields": {"user": 19, "title": " New Meeting Invitation", "message": "You have been invited to: KPI Review Meeting on 2025-12-31T04:30:00+00:00", "notification_type": "meeting_invitation", "data": {"momId": 5, "title": "KPI Review Meeting", "meetingDateTime": "2025-12-31T04:30:00+00:00", "location": "Office Container #2", "agenda": "Evaluate the QHSE Professional KPI Strategy Plan and Actions", "requiresResponse": true, "actions": ["accept", "reject"]}, "link": "/dashboard/mom/response/5/19", "read": false, "read_at": null, "created_at": "2025-12-25T07:44:40.956Z", "updated_at": "2025-12-25T07:44:40.957Z", "sender": 40}}, {"model": "authentication.notification", "pk": 44, "fields": {"user": 20, "title": " New Meeting Invitation", "message": "You have been invited to: KPI Review Meeting on 2025-12-31T04:30:00+00:00", "notification_type": "meeting_invitation", "data": {"momId": 5, "title": "KPI Review Meeting", "meetingDateTime": "2025-12-31T04:30:00+00:00", "location": "Office Container #2", "agenda": "Evaluate the QHSE Professional KPI Strategy Plan and Actions", "requiresResponse": true, "actions": ["accept", "reject"]}, "link": "/dashboard/mom/response/5/20", "read": false, "read_at": null, "created_at": "2025-12-25T07:44:40.965Z", "updated_at": "2025-12-25T07:44:40.966Z", "sender": 40}}, {"model": "authentication.notification", "pk": 45, "fields": {"user": 22, "title": " New Meeting Invitation", "message": "You have been invited to: KPI Review Meeting on 2025-12-31T04:30:00+00:00", "notification_type": "meeting_invitation", "data": {"momId": 5, "title": "KPI Review Meeting", "meetingDateTime": "2025-12-31T04:30:00+00:00", "location": "Office Container #2", "agenda": "Evaluate the QHSE Professional KPI Strategy Plan and Actions", "requiresResponse": true, "actions": ["accept", "reject"]}, "link": "/dashboard/mom/response/5/22", "read": false, "read_at": null, "created_at": "2025-12-25T07:44:40.971Z", "updated_at": "2025-12-25T07:44:40.971Z", "sender": 40}}, {"model": "authentication.notification", "pk": 46, "fields": {"user": 54, "title": " New Meeting Invitation", "message": "You have been invited to: KPI Review Meeting on 2025-12-31T04:30:00+00:00", "notification_type": "meeting_invitation", "data": {"momId": 5, "title": "KPI Review Meeting", "meetingDateTime": "2025-12-31T04:30:00+00:00", "location": "Office Container #2", "agenda": "Evaluate the QHSE Professional KPI Strategy Plan and Actions", "requiresResponse": true, "actions": ["accept", "reject"]}, "link": "/dashboard/mom/response/5/54", "read": false, "read_at": null, "created_at": "2025-12-25T07:44:40.978Z", "updated_at": "2025-12-25T07:44:40.979Z", "sender": 40}}, {"model": "authentication.notification", "pk": 47, "fields": {"user": 59, "title": " New Meeting Invitation", "message": "You have been invited to: KPI Review Meeting on 2025-12-31T04:30:00+00:00", "notification_type": "meeting_invitation", "data": {"momId": 5, "title": "KPI Review Meeting", "meetingDateTime": "2025-12-31T04:30:00+00:00", "location": "Office Container #2", "agenda": "Evaluate the QHSE Professional KPI Strategy Plan and Actions", "requiresResponse": true, "actions": ["accept", "reject"]}, "link": "/dashboard/mom/response/5/59", "read": false, "read_at": null, "created_at": "2025-12-25T07:44:40.988Z", "updated_at": "2025-12-25T07:44:40.989Z", "sender": 40}}, {"model": "authentication.notification", "pk": 48, "fields": {"user": 19, "title": "New Meeting Invitation", "message": "You have been invited to: KPI Review Meeting", "notification_type": "meeting_invitation", "data": {"momId": 5, "userId": 19, "title": "KPI Review Meeting", "meetingDateTime": "2025-12-31T04:30:00.000Z", "requiresResponse": true, "actions": ["accept", "reject"]}, "link": null, "read": false, "read_at": null, "created_at": "2025-12-25T07:44:41.071Z", "updated_at": "2025-12-25T07:44:41.083Z", "sender": 40}}, {"model": "authentication.notification", "pk": 49, "fields": {"user": 20, "title": "New Meeting Invitation", "message": "You have been invited to: KPI Review Meeting", "notification_type": "meeting_invitation", "data": {"momId": 5, "userId": 20, "title": "KPI Review Meeting", "meetingDateTime": "2025-12-31T04:30:00.000Z", "requiresResponse": true, "actions": ["accept", "reject"]}, "link": null, "read": false, "read_at": null, "created_at": "2025-12-25T07:44:41.100Z", "updated_at": "2025-12-25T07:44:41.100Z", "sender": 40}}, {"model": "authentication.notification", "pk": 50, "fields": {"user": 54, "title": "New Meeting Invitation", "message": "You have been invited to: KPI Review Meeting", "notification_type": "meeting_invitation", "data": {"momId": 5, "userId": 54, "title": "KPI Review Meeting", "meetingDateTime": "2025-12-31T04:30:00.000Z", "requiresResponse": true, "actions": ["accept", "reject"]}, "link": null, "read": false, "read_at": null, "created_at": "2025-12-25T07:44:41.110Z", "updated_at": "2025-12-25T07:44:41.110Z", "sender": 40}}, {"model": "authentication.notification", "pk": 51, "fields": {"user": 22, "title": "New Meeting Invitation", "message": "You have been invited to: KPI Review Meeting", "notification_type": "meeting_invitation", "data": {"momId": 5, "userId": 22, "title": "KPI Review Meeting", "meetingDateTime": "2025-12-31T04:30:00.000Z", "requiresResponse": true, "actions": ["accept", "reject"]}, "link": null, "read": false, "read_at": null, "created_at": "2025-12-25T07:44:41.122Z", "updated_at": "2025-12-25T07:44:41.122Z", "sender": 40}}, {"model": "authentication.notification", "pk": 52, "fields": {"user": 59, "title": "New Meeting Invitation", "message": "You have been invited to: KPI Review Meeting", "notification_type": "meeting_invitation", "data": {"momId": 5, "userId": 59, "title": "KPI Review Meeting", "meetingDateTime": "2025-12-31T04:30:00.000Z", "requiresResponse": true, "actions": ["accept", "reject"]}, "link": null, "read": false, "read_at": null, "created_at": "2025-12-25T07:44:41.133Z", "updated_at": "2025-12-25T07:44:41.133Z", "sender": 40}}, {"model": "authentication.notification", "pk": 53, "fields": {"user": 4, "title": "New Admin Details Submitted", "message": "Chandru (contractor) has submitted their admin details for approval.", "notification_type": "admin_detail_submission", "data": {"user_id": 65, "userId": 65, "username": "Chandru", "admin_type": "contractor", "company_name": "BK Green Energy", "admin_detail_id": 27, "formType": "admindetail"}, "link": null, "read": false, "read_at": null, "created_at": "2025-12-25T12:32:50.407Z", "updated_at": "2025-12-25T12:32:50.408Z", "sender": 65}}, {"model": "authentication.notification", "pk": 54, "fields": {"user": 5, "title": "Admin Details Submitted", "message": "Chandru submitted details for approval.", "notification_type": "approval", "data": {"userId": 65, "user_id": 65, "formType": "admindetail", "username": "Chandru", "admin_type": "contractor1"}, "link": "/dashboard/admindetail", "read": true, "read_at": "2025-12-25T12:36:20.721Z", "created_at": "2025-12-25T12:32:50.506Z", "updated_at": "2025-12-25T12:32:50.515Z", "sender": 65}}, {"model": "authentication.notification", "pk": 55, "fields": {"user": 4, "title": "New Admin Details Submitted", "message": "Arun (client) has submitted their admin details for approval.", "notification_type": "admin_detail_submission", "data": {"user_id": 63, "userId": 63, "username": "Arun", "admin_type": "client", "company_name": "Torrent Urja 22 PVT LTD", "admin_detail_id": 26, "formType": "admindetail"}, "link": null, "read": false, "read_at": null, "created_at": "2025-12-25T12:35:19.228Z", "updated_at": "2025-12-25T12:35:19.228Z", "sender": 63}}, {"model": "authentication.notification", "pk": 56, "fields": {"user": 5, "title": "Admin Details Submitted", "message": "Arun submitted details for approval.", "notification_type": "approval", "data": {"userId": 63, "user_id": 63, "formType": "admindetail", "username": "Arun", "admin_type": "client"}, "link": "/dashboard/admindetail", "read": true, "read_at": "2025-12-25T12:36:12.219Z", "created_at": "2025-12-25T12:35:19.277Z", "updated_at": "2025-12-25T12:35:19.277Z", "sender": 63}}, {"model": "authentication.notification", "pk": 58, "fields": {"user": 65, "title": "Your Details Approved", "message": "Your admin details have been approved by the master administrator.", "notification_type": "approval", "data": {"formType": "admindetail", "approved": true}, "link": null, "read": true, "read_at": "2025-12-25T12:39:29.664Z", "created_at": "2025-12-25T12:36:26.524Z", "updated_at": "2025-12-25T12:36:26.524Z", "sender": 5}}, {"model": "authentication.notification", "pk": 59, "fields": {"user": 5, "title": "Admin Details Submitted", "message": "Pradharshan submitted details for approval.", "notification_type": "approval", "data": {"userId": 64, "user_id": 64, "formType": "admindetail", "username": "Pradharshan", "admin_type": "epc"}, "link": "/dashboard/admindetail", "read": true, "read_at": "2025-12-25T13:10:50.880Z", "created_at": "2025-12-25T13:06:36.362Z", "updated_at": "2025-12-25T13:06:36.362Z", "sender": 64}}, {"model": "authentication.notification", "pk": 60, "fields": {"user": 40, "title": " New Safety Observation Assigned", "message": "You have been assigned a safety observation (SO-20251225-131059) by Joel. Please review and provide commitment date.", "notification_type": "safety_observation_assigned", "data": {"observation_id": "SO-20251225-131059", "observation_type": "repeat_observation", "severity": 1, "location": "IDT 01", "creator_name": "Joel", "action_required": "commitment"}, "link": "/dashboard/safetyobservation/edit/SO-20251225-131059", "read": false, "read_at": null, "created_at": "2025-12-25T13:10:59.539Z", "updated_at": "2025-12-25T13:10:59.540Z", "sender": 40}}, {"model": "authentication.notification", "pk": 61, "fields": {"user": 64, "title": "Your Details Approved", "message": "Your admin details have been approved by the master administrator.", "notification_type": "approval", "data": {"formType": "admindetail", "approved": true}, "link": null, "read": false, "read_at": null, "created_at": "2025-12-25T13:11:01.482Z", "updated_at": "2025-12-25T13:11:01.482Z", "sender": 5}}, {"model": "authentication.notification", "pk": 62, "fields": {"user": 44, "title": " New Safety Observation Assigned", "message": "You have been assigned a safety observation (SO-20251225-132413) by Joel. Please review and provide commitment date.", "notification_type": "safety_observation_assigned", "data": {"observation_id": "SO-20251225-132413", "observation_type": "unsafe_act", "severity": 1, "location": "Storage Yard", "creator_name": "Joel", "action_required": "commitment"}, "link": "/dashboard/safetyobservation/edit/SO-20251225-132413", "read": false, "read_at": null, "created_at": "2025-12-25T13:24:13.769Z", "updated_at": "2025-12-25T13:24:13.769Z", "sender": 40}}, {"model": "authentication.notification", "pk": 63, "fields": {"user": 63, "title": "New User Details Submitted", "message": "anjali.mehta has submitted their user details for approval.", "notification_type": "user_detail_submission", "data": {"user_id": 81, "username": "anjali.mehta", "user_detail_id": 17, "formType": "userdetail"}, "link": null, "read": true, "read_at": "2025-12-26T06:01:27.929Z", "created_at": "2025-12-25T13:41:55.185Z", "updated_at": "2025-12-25T13:41:55.185Z", "sender": 81}}, {"model": "authentication.notification", "pk": 64, "fields": {"user": 63, "title": "User Details Submitted", "message": "Anjali submitted details for approval.", "notification_type": "approval", "data": {"userId": 81, "formType": "userdetail"}, "link": "/dashboard/profile", "read": true, "read_at": "2025-12-26T06:00:53.737Z", "created_at": "2025-12-25T13:41:55.261Z", "updated_at": "2025-12-25T13:41:55.261Z", "sender": 81}}, {"model": "authentication.notification", "pk": 65, "fields": {"user": 63, "title": "New User Details Submitted", "message": "ritu.chopra has submitted their user details for approval.", "notification_type": "user_detail_submission", "data": {"user_id": 80, "username": "ritu.chopra", "user_detail_id": 18, "formType": "userdetail"}, "link": null, "read": true, "read_at": "2025-12-26T06:01:10.212Z", "created_at": "2025-12-25T13:46:49.742Z", "updated_at": "2025-12-25T13:46:49.743Z", "sender": 80}}, {"model": "authentication.notification", "pk": 66, "fields": {"user": 63, "title": "User Details Submitted", "message": "Ritu submitted details for approval.", "notification_type": "approval", "data": {"userId": 80, "formType": "userdetail"}, "link": "/dashboard/profile", "read": true, "read_at": "2025-12-26T06:17:13.395Z", "created_at": "2025-12-25T13:46:49.790Z", "updated_at": "2025-12-25T13:46:49.790Z", "sender": 80}}, {"model": "authentication.notification", "pk": 67, "fields": {"user": 63, "title": "New User Details Submitted", "message": "manish.gupta has submitted their user details for approval.", "notification_type": "user_detail_submission", "data": {"user_id": 79, "username": "manish.gupta", "user_detail_id": 19, "formType": "userdetail"}, "link": null, "read": false, "read_at": null, "created_at": "2025-12-25T13:57:00.468Z", "updated_at": "2025-12-25T13:57:00.469Z", "sender": 79}}, {"model": "authentication.notification", "pk": 68, "fields": {"user": 63, "title": "User Details Submitted", "message": "Manish submitted details for approval.", "notification_type": "approval", "data": {"userId": 79, "formType": "userdetail"}, "link": "/dashboard/profile", "read": false, "read_at": null, "created_at": "2025-12-25T13:57:00.530Z", "updated_at": "2025-12-25T13:57:00.530Z", "sender": 79}}, {"model": "authentication.notification", "pk": 69, "fields": {"user": 63, "title": "New User Details Submitted", "message": "kavita.desai has submitted their user details for approval.", "notification_type": "user_detail_submission", "data": {"user_id": 78, "username": "kavita.desai", "user_detail_id": 20, "formType": "userdetail"}, "link": null, "read": false, "read_at": null, "created_at": "2025-12-25T14:02:19.036Z", "updated_at": "2025-12-25T14:02:19.036Z", "sender": 78}}, {"model": "authentication.notification", "pk": 70, "fields": {"user": 63, "title": "User Details Submitted", "message": "Kavita submitted details for approval.", "notification_type": "approval", "data": {"userId": 78, "formType": "userdetail"}, "link": "/dashboard/profile", "read": true, "read_at": "2025-12-26T06:00:38.037Z", "created_at": "2025-12-25T14:02:19.093Z", "updated_at": "2025-12-25T14:02:19.093Z", "sender": 78}}, {"model": "authentication.notification", "pk": 71, "fields": {"user": 63, "title": "New User Details Submitted", "message": "arjun.reddy has submitted their user details for approval.", "notification_type": "user_detail_submission", "data": {"user_id": 77, "username": "arjun.reddy", "user_detail_id": 21, "formType": "userdetail"}, "link": null, "read": true, "read_at": "2025-12-26T05:58:44.017Z", "created_at": "2025-12-25T14:14:47.441Z", "updated_at": "2025-12-25T14:14:47.441Z", "sender": 77}}, {"model": "authentication.notification", "pk": 72, "fields": {"user": 63, "title": "User Details Submitted", "message": "Arjun submitted details for approval.", "notification_type": "approval", "data": {"userId": 77, "formType": "userdetail"}, "link": "/dashboard/profile", "read": true, "read_at": "2025-12-26T04:13:25.924Z", "created_at": "2025-12-25T14:14:47.496Z", "updated_at": "2025-12-25T14:14:47.496Z", "sender": 77}}, {"model": "authentication.notification", "pk": 73, "fields": {"user": 63, "title": "New User Details Submitted", "message": "sneha.iyer has submitted their user details for approval.", "notification_type": "user_detail_submission", "data": {"user_id": 76, "username": "sneha.iyer", "user_detail_id": 22, "formType": "userdetail"}, "link": null, "read": true, "read_at": "2025-12-26T04:12:38.904Z", "created_at": "2025-12-25T14:19:45.320Z", "updated_at": "2025-12-25T14:19:45.321Z", "sender": 76}}, {"model": "authentication.notification", "pk": 74, "fields": {"user": 63, "title": "User Details Submitted", "message": "Sneha submitted details for approval.", "notification_type": "approval", "data": {"userId": 76, "formType": "userdetail"}, "link": "/dashboard/profile", "read": true, "read_at": "2025-12-26T04:12:36.947Z", "created_at": "2025-12-25T14:19:45.369Z", "updated_at": "2025-12-25T14:19:45.370Z", "sender": 76}}, {"model": "authentication.notification", "pk": 75, "fields": {"user": 63, "title": "New User Details Submitted", "message": "rahul.malhotra has submitted their user details for approval.", "notification_type": "user_detail_submission", "data": {"user_id": 75, "username": "rahul.malhotra", "user_detail_id": 23, "formType": "userdetail"}, "link": null, "read": false, "read_at": null, "created_at": "2025-12-25T14:28:40.527Z", "updated_at": "2025-12-25T14:28:40.528Z", "sender": 75}}, {"model": "authentication.notification", "pk": 76, "fields": {"user": 63, "title": "User Details Submitted", "message": "Rahul submitted details for approval.", "notification_type": "approval", "data": {"userId": 75, "formType": "userdetail"}, "link": "/dashboard/profile", "read": true, "read_at": "2025-12-26T04:09:38.329Z", "created_at": "2025-12-25T14:28:40.578Z", "updated_at": "2025-12-25T14:28:40.578Z", "sender": 75}}, {"model": "authentication.notification", "pk": 77, "fields": {"user": 75, "title": "Your Details Approved", "message": "Your details have been approved by the administrator.", "notification_type": "approval", "data": {"formType": "userdetail", "approved": true}, "link": null, "read": false, "read_at": null, "created_at": "2025-12-26T04:09:48.009Z", "updated_at": "2025-12-26T04:09:48.010Z", "sender": 63}}, {"model": "authentication.notification", "pk": 78, "fields": {"user": 63, "title": "User Approved Successfully", "message": "You approved details for Rahul.", "notification_type": "approval", "data": {"formType": "userdetail", "approved": true, "adminAction": true}, "link": null, "read": false, "read_at": null, "created_at": "2025-12-26T04:09:48.023Z", "updated_at": "2025-12-26T04:09:48.023Z", "sender": 63}}, {"model": "authentication.notification", "pk": 79, "fields": {"user": 75, "title": "Your Details Approved", "message": "Your user details have been approved by the administrator.", "notification_type": "approval", "data": {"formType": "userdetail", "itemId": 75, "approved": true}, "link": null, "read": false, "read_at": null, "created_at": "2025-12-26T04:09:48.035Z", "updated_at": "2025-12-26T04:09:48.035Z", "sender": 63}}, {"model": "authentication.notification", "pk": 80, "fields": {"user": 63, "title": "New User Details Submitted", "message": "pooja.jain has submitted their user details for approval.", "notification_type": "user_detail_submission", "data": {"user_id": 74, "username": "pooja.jain", "user_detail_id": 24, "formType": "userdetail"}, "link": null, "read": false, "read_at": null, "created_at": "2025-12-26T04:30:37.823Z", "updated_at": "2025-12-26T04:30:37.823Z", "sender": 74}}, {"model": "authentication.notification", "pk": 81, "fields": {"user": 63, "title": "User Details Submitted", "message": "pooja submitted details for approval.", "notification_type": "approval", "data": {"userId": 74, "formType": "userdetail"}, "link": "/dashboard/profile", "read": true, "read_at": "2025-12-26T04:31:22.401Z", "created_at": "2025-12-26T04:30:37.885Z", "updated_at": "2025-12-26T04:30:37.885Z", "sender": 74}}, {"model": "authentication.notification", "pk": 82, "fields": {"user": 64, "title": "New User Details Submitted", "message": "kirti.salunkhe has submitted their user details for approval.", "notification_type": "user_detail_submission", "data": {"user_id": 99, "username": "kirti.salunkhe", "user_detail_id": 29, "formType": "userdetail"}, "link": null, "read": true, "read_at": "2025-12-26T06:20:24.836Z", "created_at": "2025-12-26T05:00:04.595Z", "updated_at": "2025-12-26T05:00:04.596Z", "sender": 99}}, {"model": "authentication.notification", "pk": 83, "fields": {"user": 64, "title": "User Details Submitted", "message": "Kirti submitted details for approval.", "notification_type": "approval", "data": {"userId": 99, "formType": "userdetail"}, "link": "/dashboard/profile", "read": false, "read_at": null, "created_at": "2025-12-26T05:00:05.110Z", "updated_at": "2025-12-26T05:00:05.111Z", "sender": 99}}, {"model": "authentication.notification", "pk": 84, "fields": {"user": 64, "title": "New User Details Submitted", "message": "kirti.salunkhe has submitted their user details for approval.", "notification_type": "user_detail_submission", "data": {"user_id": 99, "username": "kirti.salunkhe", "user_detail_id": 29, "formType": "userdetail"}, "link": null, "read": false, "read_at": null, "created_at": "2025-12-26T05:01:36.232Z", "updated_at": "2025-12-26T05:01:36.233Z", "sender": 99}}, {"model": "authentication.notification", "pk": 85, "fields": {"user": 64, "title": "User Details Submitted", "message": "Kirti submitted details for approval.", "notification_type": "approval", "data": {"userId": 99, "formType": "userdetail"}, "link": "/dashboard/profile", "read": true, "read_at": "2025-12-26T05:02:47.275Z", "created_at": "2025-12-26T05:01:36.289Z", "updated_at": "2025-12-26T05:01:36.289Z", "sender": 99}}, {"model": "authentication.notification", "pk": 86, "fields": {"user": 63, "title": "New User Details Submitted", "message": "sanjay.patel has submitted their user details for approval.", "notification_type": "user_detail_submission", "data": {"user_id": 73, "username": "sanjay.patel", "user_detail_id": 25, "formType": "userdetail"}, "link": null, "read": true, "read_at": "2025-12-26T05:10:07.773Z", "created_at": "2025-12-26T05:02:36.967Z", "updated_at": "2025-12-26T05:02:36.967Z", "sender": 73}}, {"model": "authentication.notification", "pk": 87, "fields": {"user": 63, "title": "User Details Submitted", "message": "Sanjay submitted details for approval.", "notification_type": "approval", "data": {"userId": 73, "formType": "userdetail"}, "link": "/dashboard/profile", "read": false, "read_at": null, "created_at": "2025-12-26T05:02:37.023Z", "updated_at": "2025-12-26T05:02:37.024Z", "sender": 73}}, {"model": "authentication.notification", "pk": 88, "fields": {"user": 64, "title": "New User Details Submitted", "message": "ashish.dubey has submitted their user details for approval.", "notification_type": "user_detail_submission", "data": {"user_id": 98, "username": "ashish.dubey", "user_detail_id": 30, "formType": "userdetail"}, "link": null, "read": true, "read_at": "2025-12-26T05:45:15.111Z", "created_at": "2025-12-26T05:07:16.549Z", "updated_at": "2025-12-26T05:07:16.549Z", "sender": 98}}, {"model": "authentication.notification", "pk": 89, "fields": {"user": 64, "title": "User Details Submitted", "message": "Ashish submitted details for approval.", "notification_type": "approval", "data": {"userId": 98, "formType": "userdetail"}, "link": "/dashboard/profile", "read": true, "read_at": "2025-12-26T05:45:31.830Z", "created_at": "2025-12-26T05:07:16.635Z", "updated_at": "2025-12-26T05:07:16.635Z", "sender": 98}}, {"model": "authentication.notification", "pk": 90, "fields": {"user": 64, "title": "New User Details Submitted", "message": "karan.agarwal has submitted their user details for approval.", "notification_type": "user_detail_submission", "data": {"user_id": 86, "username": "karan.agarwal", "user_detail_id": 43, "formType": "userdetail"}, "link": null, "read": true, "read_at": "2025-12-26T05:45:36.213Z", "created_at": "2025-12-26T05:12:25.319Z", "updated_at": "2025-12-26T05:12:25.320Z", "sender": 86}}, {"model": "authentication.notification", "pk": 91, "fields": {"user": 64, "title": "User Details Submitted", "message": "Karan submitted details for approval.", "notification_type": "approval", "data": {"userId": 86, "formType": "userdetail"}, "link": "/dashboard/profile", "read": true, "read_at": "2025-12-26T05:45:42.214Z", "created_at": "2025-12-26T05:12:25.375Z", "updated_at": "2025-12-26T05:12:25.375Z", "sender": 86}}, {"model": "authentication.notification", "pk": 92, "fields": {"user": 64, "title": "New User Details Submitted", "message": "meena.joshi has submitted their user details for approval.", "notification_type": "user_detail_submission", "data": {"user_id": 87, "username": "meena.joshi", "user_detail_id": 44, "formType": "userdetail"}, "link": null, "read": true, "read_at": "2025-12-26T05:46:40.486Z", "created_at": "2025-12-26T05:17:25.410Z", "updated_at": "2025-12-26T05:17:25.410Z", "sender": 87}}, {"model": "authentication.notification", "pk": 93, "fields": {"user": 64, "title": "User Details Submitted", "message": "Meena submitted details for approval.", "notification_type": "approval", "data": {"userId": 87, "formType": "userdetail"}, "link": "/dashboard/profile", "read": false, "read_at": null, "created_at": "2025-12-26T05:17:25.465Z", "updated_at": "2025-12-26T05:17:25.465Z", "sender": 87}}, {"model": "authentication.notification", "pk": 94, "fields": {"user": 64, "title": "New User Details Submitted", "message": "aditya.saxena has submitted their user details for approval.", "notification_type": "user_detail_submission", "data": {"user_id": 88, "username": "aditya.saxena", "user_detail_id": 37, "formType": "userdetail"}, "link": null, "read": true, "read_at": "2025-12-26T05:47:18.785Z", "created_at": "2025-12-26T05:19:56.899Z", "updated_at": "2025-12-26T05:19:56.899Z", "sender": 88}}, {"model": "authentication.notification", "pk": 95, "fields": {"user": 64, "title": "User Details Submitted", "message": "Aditya submitted details for approval.", "notification_type": "approval", "data": {"userId": 88, "formType": "userdetail"}, "link": "/dashboard/profile", "read": false, "read_at": null, "created_at": "2025-12-26T05:19:56.947Z", "updated_at": "2025-12-26T05:19:56.947Z", "sender": 88}}, {"model": "authentication.notification", "pk": 96, "fields": {"user": 63, "title": "New User Details Submitted", "message": "vikram.singh has submitted their user details for approval.", "notification_type": "user_detail_submission", "data": {"user_id": 71, "username": "vikram.singh", "user_detail_id": 42, "formType": "userdetail"}, "link": null, "read": false, "read_at": null, "created_at": "2025-12-26T05:22:16.896Z", "updated_at": "2025-12-26T05:22:16.897Z", "sender": 71}}, {"model": "authentication.notification", "pk": 97, "fields": {"user": 63, "title": "User Details Submitted", "message": "Vikram submitted details for approval.", "notification_type": "approval", "data": {"userId": 71, "formType": "userdetail"}, "link": "/dashboard/profile", "read": true, "read_at": "2025-12-26T05:54:33.674Z", "created_at": "2025-12-26T05:22:16.949Z", "updated_at": "2025-12-26T05:22:16.949Z", "sender": 71}}, {"model": "authentication.notification", "pk": 98, "fields": {"user": 64, "title": "New User Details Submitted", "message": "shilpa.pawar has submitted their user details for approval.", "notification_type": "user_detail_submission", "data": {"user_id": 89, "username": "shilpa.pawar", "user_detail_id": 45, "formType": "userdetail"}, "link": null, "read": true, "read_at": "2025-12-26T05:47:32.342Z", "created_at": "2025-12-26T05:22:21.770Z", "updated_at": "2025-12-26T05:22:21.770Z", "sender": 89}}, {"model": "authentication.notification", "pk": 99, "fields": {"user": 64, "title": "User Details Submitted", "message": "Shilpa submitted details for approval.", "notification_type": "approval", "data": {"userId": 89, "formType": "userdetail"}, "link": "/dashboard/profile", "read": true, "read_at": "2025-12-26T05:49:01.785Z", "created_at": "2025-12-26T05:22:21.824Z", "updated_at": "2025-12-26T05:22:21.824Z", "sender": 89}}, {"model": "authentication.notification", "pk": 100, "fields": {"user": 64, "title": "New User Details Submitted", "message": "rahul.chauhan has submitted their user details for approval.", "notification_type": "user_detail_submission", "data": {"user_id": 90, "username": "rahul.chauhan", "user_detail_id": 36, "formType": "userdetail"}, "link": null, "read": true, "read_at": "2025-12-26T05:49:10.248Z", "created_at": "2025-12-26T05:24:42.819Z", "updated_at": "2025-12-26T05:24:42.819Z", "sender": 90}}, {"model": "authentication.notification", "pk": 101, "fields": {"user": 64, "title": "User Details Submitted", "message": "Rahul submitted details for approval.", "notification_type": "approval", "data": {"userId": 90, "formType": "userdetail"}, "link": "/dashboard/profile", "read": false, "read_at": null, "created_at": "2025-12-26T05:24:42.868Z", "updated_at": "2025-12-26T05:24:42.868Z", "sender": 90}}, {"model": "authentication.notification", "pk": 102, "fields": {"user": 63, "title": "New User Details Submitted", "message": "priya.nair has submitted their user details for approval.", "notification_type": "user_detail_submission", "data": {"user_id": 69, "username": "priya.nair", "user_detail_id": 26, "formType": "userdetail"}, "link": null, "read": true, "read_at": "2025-12-26T05:54:56.216Z", "created_at": "2025-12-26T05:27:03.702Z", "updated_at": "2025-12-26T05:27:03.702Z", "sender": 69}}, {"model": "authentication.notification", "pk": 103, "fields": {"user": 63, "title": "User Details Submitted", "message": "Priya submitted details for approval.", "notification_type": "approval", "data": {"userId": 69, "formType": "userdetail"}, "link": "/dashboard/profile", "read": false, "read_at": null, "created_at": "2025-12-26T05:27:03.759Z", "updated_at": "2025-12-26T05:27:03.759Z", "sender": 69}}, {"model": "authentication.notification", "pk": 104, "fields": {"user": 64, "title": "New User Details Submitted", "message": "divya.bhatt has submitted their user details for approval.", "notification_type": "user_detail_submission", "data": {"user_id": 91, "username": "divya.bhatt", "user_detail_id": 46, "formType": "userdetail"}, "link": null, "read": true, "read_at": "2025-12-26T05:49:22.066Z", "created_at": "2025-12-26T05:27:38.122Z", "updated_at": "2025-12-26T05:27:38.122Z", "sender": 91}}, {"model": "authentication.notification", "pk": 105, "fields": {"user": 64, "title": "User Details Submitted", "message": "Divya submitted details for approval.", "notification_type": "approval", "data": {"userId": 91, "formType": "userdetail"}, "link": "/dashboard/profile", "read": false, "read_at": null, "created_at": "2025-12-26T05:27:38.175Z", "updated_at": "2025-12-26T05:27:38.176Z", "sender": 91}}, {"model": "authentication.notification", "pk": 106, "fields": {"user": 64, "title": "New User Details Submitted", "message": "mohit.arora has submitted their user details for approval.", "notification_type": "user_detail_submission", "data": {"user_id": 92, "username": "mohit.arora", "user_detail_id": 35, "formType": "userdetail"}, "link": null, "read": false, "read_at": null, "created_at": "2025-12-26T05:30:32.835Z", "updated_at": "2025-12-26T05:30:32.836Z", "sender": 92}}, {"model": "authentication.notification", "pk": 107, "fields": {"user": 64, "title": "User Details Submitted", "message": "Mohit submitted details for approval.", "notification_type": "approval", "data": {"userId": 92, "formType": "userdetail"}, "link": "/dashboard/profile", "read": true, "read_at": "2025-12-26T05:49:31.377Z", "created_at": "2025-12-26T05:30:32.894Z", "updated_at": "2025-12-26T05:30:32.895Z", "sender": 92}}, {"model": "authentication.notification", "pk": 108, "fields": {"user": 63, "title": "New User Details Submitted", "message": "neha.verma has submitted their user details for approval.", "notification_type": "user_detail_submission", "data": {"user_id": 67, "username": "neha.verma", "user_detail_id": 47, "formType": "userdetail"}, "link": null, "read": true, "read_at": "2025-12-26T05:54:16.973Z", "created_at": "2025-12-26T05:31:22.363Z", "updated_at": "2025-12-26T05:31:22.363Z", "sender": 67}}, {"model": "authentication.notification", "pk": 109, "fields": {"user": 63, "title": "User Details Submitted", "message": "Neha submitted details for approval.", "notification_type": "approval", "data": {"userId": 67, "formType": "userdetail"}, "link": "/dashboard/profile", "read": true, "read_at": "2025-12-26T05:54:07.461Z", "created_at": "2025-12-26T05:31:22.422Z", "updated_at": "2025-12-26T05:31:22.422Z", "sender": 67}}, {"model": "authentication.notification", "pk": 110, "fields": {"user": 64, "title": "New User Details Submitted", "message": "sunita.kamble has submitted their user details for approval.", "notification_type": "user_detail_submission", "data": {"user_id": 93, "username": "sunita.kamble", "user_detail_id": 34, "formType": "userdetail"}, "link": null, "read": true, "read_at": "2025-12-26T05:49:46.592Z", "created_at": "2025-12-26T05:34:07.738Z", "updated_at": "2025-12-26T05:34:07.738Z", "sender": 93}}, {"model": "authentication.notification", "pk": 111, "fields": {"user": 64, "title": "User Details Submitted", "message": "Sunita submitted details for approval.", "notification_type": "approval", "data": {"userId": 93, "formType": "userdetail"}, "link": "/dashboard/profile", "read": true, "read_at": "2025-12-26T05:50:01.684Z", "created_at": "2025-12-26T05:34:07.812Z", "updated_at": "2025-12-26T05:34:07.812Z", "sender": 93}}, {"model": "authentication.notification", "pk": 112, "fields": {"user": 64, "title": "New User Details Submitted", "message": "akash.tripathi has submitted their user details for approval.", "notification_type": "user_detail_submission", "data": {"user_id": 94, "username": "akash.tripathi", "user_detail_id": 48, "formType": "userdetail"}, "link": null, "read": true, "read_at": "2025-12-26T05:50:05.824Z", "created_at": "2025-12-26T05:37:06.935Z", "updated_at": "2025-12-26T05:37:06.935Z", "sender": 94}}, {"model": "authentication.notification", "pk": 113, "fields": {"user": 64, "title": "User Details Submitted", "message": "Akash submitted details for approval.", "notification_type": "approval", "data": {"userId": 94, "formType": "userdetail"}, "link": "/dashboard/profile", "read": true, "read_at": "2025-12-26T05:50:16.255Z", "created_at": "2025-12-26T05:37:06.990Z", "updated_at": "2025-12-26T05:37:06.990Z", "sender": 94}}, {"model": "authentication.notification", "pk": 114, "fields": {"user": 63, "title": "New User Details Submitted", "message": "amit.sharma has submitted their user details for approval.", "notification_type": "user_detail_submission", "data": {"user_id": 66, "username": "amit.sharma", "user_detail_id": 28, "formType": "userdetail"}, "link": null, "read": true, "read_at": "2025-12-26T05:53:57.439Z", "created_at": "2025-12-26T05:39:10.852Z", "updated_at": "2025-12-26T05:39:10.852Z", "sender": 66}}, {"model": "authentication.notification", "pk": 115, "fields": {"user": 63, "title": "User Details Submitted", "message": "Amit submitted details for approval.", "notification_type": "approval", "data": {"userId": 66, "formType": "userdetail"}, "link": "/dashboard/profile", "read": true, "read_at": "2025-12-26T05:52:22.400Z", "created_at": "2025-12-26T05:39:10.908Z", "updated_at": "2025-12-26T05:39:10.909Z", "sender": 66}}, {"model": "authentication.notification", "pk": 116, "fields": {"user": 64, "title": "New User Details Submitted", "message": "reena.kothari has submitted their user details for approval.", "notification_type": "user_detail_submission", "data": {"user_id": 95, "username": "reena.kothari", "user_detail_id": 33, "formType": "userdetail"}, "link": null, "read": true, "read_at": "2025-12-26T05:50:22.040Z", "created_at": "2025-12-26T05:39:37.122Z", "updated_at": "2025-12-26T05:39:37.122Z", "sender": 95}}, {"model": "authentication.notification", "pk": 117, "fields": {"user": 64, "title": "User Details Submitted", "message": "Reena submitted details for approval.", "notification_type": "approval", "data": {"userId": 95, "formType": "userdetail"}, "link": "/dashboard/profile", "read": true, "read_at": "2025-12-26T05:50:33.799Z", "created_at": "2025-12-26T05:39:37.186Z", "updated_at": "2025-12-26T05:39:37.186Z", "sender": 95}}, {"model": "authentication.notification", "pk": 118, "fields": {"user": 64, "title": "New User Details Submitted", "message": "nitin.shetty has submitted their user details for approval.", "notification_type": "user_detail_submission", "data": {"user_id": 96, "username": "nitin.shetty", "user_detail_id": 32, "formType": "userdetail"}, "link": null, "read": true, "read_at": "2025-12-26T05:50:38.937Z", "created_at": "2025-12-26T05:41:57.748Z", "updated_at": "2025-12-26T05:41:57.748Z", "sender": 96}}, {"model": "authentication.notification", "pk": 119, "fields": {"user": 64, "title": "User Details Submitted", "message": "Nitin submitted details for approval.", "notification_type": "approval", "data": {"userId": 96, "formType": "userdetail"}, "link": "/dashboard/profile", "read": true, "read_at": "2025-12-26T05:51:05.607Z", "created_at": "2025-12-26T05:41:57.808Z", "updated_at": "2025-12-26T05:41:57.808Z", "sender": 96}}, {"model": "authentication.notification", "pk": 120, "fields": {"user": 65, "title": "New User Details Submitted", "message": "deepak.yadav has submitted their user details for approval.", "notification_type": "user_detail_submission", "data": {"user_id": 84, "username": "deepak.yadav", "user_detail_id": 39, "formType": "userdetail"}, "link": null, "read": true, "read_at": "2025-12-26T05:49:14.760Z", "created_at": "2025-12-26T05:43:50.878Z", "updated_at": "2025-12-26T05:43:50.878Z", "sender": 84}}, {"model": "authentication.notification", "pk": 121, "fields": {"user": 65, "title": "User Details Submitted", "message": "Deepak submitted details for approval.", "notification_type": "approval", "data": {"userId": 84, "formType": "userdetail"}, "link": "/dashboard/profile", "read": true, "read_at": "2025-12-26T05:49:08.909Z", "created_at": "2025-12-26T05:43:50.938Z", "updated_at": "2025-12-26T05:43:50.938Z", "sender": 84}}, {"model": "authentication.notification", "pk": 122, "fields": {"user": 64, "title": "New User Details Submitted", "message": "poonam.surve has submitted their user details for approval.", "notification_type": "user_detail_submission", "data": {"user_id": 97, "username": "poonam.surve", "user_detail_id": 31, "formType": "userdetail"}, "link": null, "read": true, "read_at": "2025-12-26T05:51:09.378Z", "created_at": "2025-12-26T05:43:58.176Z", "updated_at": "2025-12-26T05:43:58.176Z", "sender": 97}}, {"model": "authentication.notification", "pk": 123, "fields": {"user": 64, "title": "User Details Submitted", "message": "Poonam submitted details for approval.", "notification_type": "approval", "data": {"userId": 97, "formType": "userdetail"}, "link": "/dashboard/profile", "read": false, "read_at": null, "created_at": "2025-12-26T05:43:58.234Z", "updated_at": "2025-12-26T05:43:58.234Z", "sender": 97}}, {"model": "authentication.notification", "pk": 124, "fields": {"user": 98, "title": "Your Details Approved", "message": "Your details have been approved by the administrator.", "notification_type": "approval", "data": {"formType": "userdetail", "approved": true}, "link": null, "read": false, "read_at": null, "created_at": "2025-12-26T05:45:21.922Z", "updated_at": "2025-12-26T05:45:21.922Z", "sender": 64}}, {"model": "authentication.notification", "pk": 125, "fields": {"user": 64, "title": "User Approved Successfully", "message": "You approved details for Ashish.", "notification_type": "approval", "data": {"formType": "userdetail", "approved": true, "adminAction": true}, "link": null, "read": false, "read_at": null, "created_at": "2025-12-26T05:45:21.935Z", "updated_at": "2025-12-26T05:45:21.936Z", "sender": 64}}, {"model": "authentication.notification", "pk": 126, "fields": {"user": 98, "title": "Your Details Approved", "message": "Your user details have been approved by the administrator.", "notification_type": "approval", "data": {"formType": "userdetail", "itemId": 98, "approved": true}, "link": null, "read": false, "read_at": null, "created_at": "2025-12-26T05:45:21.955Z", "updated_at": "2025-12-26T05:45:21.955Z", "sender": 64}}, {"model": "authentication.notification", "pk": 127, "fields": {"user": 86, "title": "Your Details Approved", "message": "Your details have been approved by the administrator.", "notification_type": "approval", "data": {"formType": "userdetail", "approved": true}, "link": null, "read": false, "read_at": null, "created_at": "2025-12-26T05:46:19.420Z", "updated_at": "2025-12-26T05:46:19.421Z", "sender": 64}}, {"model": "authentication.notification", "pk": 128, "fields": {"user": 64, "title": "User Approved Successfully", "message": "You approved details for Karan.", "notification_type": "approval", "data": {"formType": "userdetail", "approved": true, "adminAction": true}, "link": null, "read": false, "read_at": null, "created_at": "2025-12-26T05:46:19.435Z", "updated_at": "2025-12-26T05:46:19.435Z", "sender": 64}}, {"model": "authentication.notification", "pk": 129, "fields": {"user": 86, "title": "Your Details Approved", "message": "Your user details have been approved by the administrator.", "notification_type": "approval", "data": {"formType": "userdetail", "itemId": 86, "approved": true}, "link": null, "read": false, "read_at": null, "created_at": "2025-12-26T05:46:19.451Z", "updated_at": "2025-12-26T05:46:19.451Z", "sender": 64}}, {"model": "authentication.notification", "pk": 130, "fields": {"user": 87, "title": "Your Details Approved", "message": "Your details have been approved by the administrator.", "notification_type": "approval", "data": {"formType": "userdetail", "approved": true}, "link": null, "read": false, "read_at": null, "created_at": "2025-12-26T05:46:55.245Z", "updated_at": "2025-12-26T05:46:55.245Z", "sender": 64}}, {"model": "authentication.notification", "pk": 131, "fields": {"user": 64, "title": "User Approved Successfully", "message": "You approved details for Meena.", "notification_type": "approval", "data": {"formType": "userdetail", "approved": true, "adminAction": true}, "link": null, "read": false, "read_at": null, "created_at": "2025-12-26T05:46:55.257Z", "updated_at": "2025-12-26T05:46:55.257Z", "sender": 64}}, {"model": "authentication.notification", "pk": 132, "fields": {"user": 87, "title": "Your Details Approved", "message": "Your user details have been approved by the administrator.", "notification_type": "approval", "data": {"formType": "userdetail", "itemId": 87, "approved": true}, "link": null, "read": false, "read_at": null, "created_at": "2025-12-26T05:46:55.272Z", "updated_at": "2025-12-26T05:46:55.272Z", "sender": 64}}, {"model": "authentication.notification", "pk": 133, "fields": {"user": 88, "title": "Your Details Approved", "message": "Your details have been approved by the administrator.", "notification_type": "approval", "data": {"formType": "userdetail", "approved": true}, "link": null, "read": false, "read_at": null, "created_at": "2025-12-26T05:47:23.890Z", "updated_at": "2025-12-26T05:47:23.890Z", "sender": 64}}, {"model": "authentication.notification", "pk": 134, "fields": {"user": 64, "title": "User Approved Successfully", "message": "You approved details for Aditya.", "notification_type": "approval", "data": {"formType": "userdetail", "approved": true, "adminAction": true}, "link": null, "read": false, "read_at": null, "created_at": "2025-12-26T05:47:23.903Z", "updated_at": "2025-12-26T05:47:23.904Z", "sender": 64}}, {"model": "authentication.notification", "pk": 135, "fields": {"user": 88, "title": "Your Details Approved", "message": "Your user details have been approved by the administrator.", "notification_type": "approval", "data": {"formType": "userdetail", "itemId": 88, "approved": true}, "link": null, "read": false, "read_at": null, "created_at": "2025-12-26T05:47:23.913Z", "updated_at": "2025-12-26T05:47:23.913Z", "sender": 64}}, {"model": "authentication.notification", "pk": 136, "fields": {"user": 89, "title": "Your Details Approved", "message": "Your details have been approved by the administrator.", "notification_type": "approval", "data": {"formType": "userdetail", "approved": true}, "link": null, "read": false, "read_at": null, "created_at": "2025-12-26T05:47:36.527Z", "updated_at": "2025-12-26T05:47:36.528Z", "sender": 64}}, {"model": "authentication.notification", "pk": 137, "fields": {"user": 64, "title": "User Approved Successfully", "message": "You approved details for Shilpa.", "notification_type": "approval", "data": {"formType": "userdetail", "approved": true, "adminAction": true}, "link": null, "read": false, "read_at": null, "created_at": "2025-12-26T05:47:36.559Z", "updated_at": "2025-12-26T05:47:36.560Z", "sender": 64}}, {"model": "authentication.notification", "pk": 138, "fields": {"user": 89, "title": "Your Details Approved", "message": "Your user details have been approved by the administrator.", "notification_type": "approval", "data": {"formType": "userdetail", "itemId": 89, "approved": true}, "link": null, "read": false, "read_at": null, "created_at": "2025-12-26T05:47:36.572Z", "updated_at": "2025-12-26T05:47:36.572Z", "sender": 64}}, {"model": "authentication.notification", "pk": 139, "fields": {"user": 65, "title": "New User Details Submitted", "message": "nisha.kulkarni has submitted their user details for approval.", "notification_type": "user_detail_submission", "data": {"user_id": 100, "username": "nisha.kulkarni", "user_detail_id": 38, "formType": "userdetail"}, "link": null, "read": true, "read_at": "2025-12-26T05:50:11.032Z", "created_at": "2025-12-26T05:48:27.987Z", "updated_at": "2025-12-26T05:48:27.987Z", "sender": 100}}, {"model": "authentication.notification", "pk": 140, "fields": {"user": 65, "title": "User Details Submitted", "message": "Nisha submitted details for approval.", "notification_type": "approval", "data": {"userId": 100, "formType": "userdetail"}, "link": "/dashboard/profile", "read": true, "read_at": "2025-12-26T05:48:55.794Z", "created_at": "2025-12-26T05:48:28.040Z", "updated_at": "2025-12-26T05:48:28.041Z", "sender": 100}}, {"model": "authentication.notification", "pk": 141, "fields": {"user": 100, "title": "Your Details Approved", "message": "Your details have been approved by the administrator.", "notification_type": "approval", "data": {"formType": "userdetail", "approved": true}, "link": null, "read": false, "read_at": null, "created_at": "2025-12-26T05:49:05.377Z", "updated_at": "2025-12-26T05:49:05.377Z", "sender": 65}}, {"model": "authentication.notification", "pk": 142, "fields": {"user": 65, "title": "User Approved Successfully", "message": "You approved details for Nisha.", "notification_type": "approval", "data": {"formType": "userdetail", "approved": true, "adminAction": true}, "link": null, "read": false, "read_at": null, "created_at": "2025-12-26T05:49:05.392Z", "updated_at": "2025-12-26T05:49:05.392Z", "sender": 65}}, {"model": "authentication.notification", "pk": 143, "fields": {"user": 100, "title": "Your Details Approved", "message": "Your user details have been approved by the administrator.", "notification_type": "approval", "data": {"formType": "userdetail", "itemId": 100, "approved": true}, "link": null, "read": false, "read_at": null, "created_at": "2025-12-26T05:49:05.406Z", "updated_at": "2025-12-26T05:49:05.406Z", "sender": 65}}, {"model": "authentication.notification", "pk": 144, "fields": {"user": 90, "title": "Your Details Approved", "message": "Your details have been approved by the administrator.", "notification_type": "approval", "data": {"formType": "userdetail", "approved": true}, "link": null, "read": false, "read_at": null, "created_at": "2025-12-26T05:49:16.389Z", "updated_at": "2025-12-26T05:49:16.389Z", "sender": 64}}, {"model": "authentication.notification", "pk": 145, "fields": {"user": 64, "title": "User Approved Successfully", "message": "You approved details for Rahul.", "notification_type": "approval", "data": {"formType": "userdetail", "approved": true, "adminAction": true}, "link": null, "read": false, "read_at": null, "created_at": "2025-12-26T05:49:16.417Z", "updated_at": "2025-12-26T05:49:16.417Z", "sender": 64}}, {"model": "authentication.notification", "pk": 146, "fields": {"user": 90, "title": "Your Details Approved", "message": "Your user details have been approved by the administrator.", "notification_type": "approval", "data": {"formType": "userdetail", "itemId": 90, "approved": true}, "link": null, "read": false, "read_at": null, "created_at": "2025-12-26T05:49:16.432Z", "updated_at": "2025-12-26T05:49:16.432Z", "sender": 64}}, {"model": "authentication.notification", "pk": 147, "fields": {"user": 91, "title": "Your Details Approved", "message": "Your details have been approved by the administrator.", "notification_type": "approval", "data": {"formType": "userdetail", "approved": true}, "link": null, "read": false, "read_at": null, "created_at": "2025-12-26T05:49:26.876Z", "updated_at": "2025-12-26T05:49:26.876Z", "sender": 64}}, {"model": "authentication.notification", "pk": 148, "fields": {"user": 64, "title": "User Approved Successfully", "message": "You approved details for Divya.", "notification_type": "approval", "data": {"formType": "userdetail", "approved": true, "adminAction": true}, "link": null, "read": false, "read_at": null, "created_at": "2025-12-26T05:49:26.890Z", "updated_at": "2025-12-26T05:49:26.891Z", "sender": 64}}, {"model": "authentication.notification", "pk": 149, "fields": {"user": 91, "title": "Your Details Approved", "message": "Your user details have been approved by the administrator.", "notification_type": "approval", "data": {"formType": "userdetail", "itemId": 91, "approved": true}, "link": null, "read": false, "read_at": null, "created_at": "2025-12-26T05:49:26.904Z", "updated_at": "2025-12-26T05:49:26.904Z", "sender": 64}}, {"model": "authentication.notification", "pk": 150, "fields": {"user": 92, "title": "Your Details Approved", "message": "Your details have been approved by the administrator.", "notification_type": "approval", "data": {"formType": "userdetail", "approved": true}, "link": null, "read": false, "read_at": null, "created_at": "2025-12-26T05:49:40.549Z", "updated_at": "2025-12-26T05:49:40.550Z", "sender": 64}}, {"model": "authentication.notification", "pk": 151, "fields": {"user": 64, "title": "User Approved Successfully", "message": "You approved details for Mohit.", "notification_type": "approval", "data": {"formType": "userdetail", "approved": true, "adminAction": true}, "link": null, "read": false, "read_at": null, "created_at": "2025-12-26T05:49:40.562Z", "updated_at": "2025-12-26T05:49:40.562Z", "sender": 64}}, {"model": "authentication.notification", "pk": 152, "fields": {"user": 92, "title": "Your Details Approved", "message": "Your user details have been approved by the administrator.", "notification_type": "approval", "data": {"formType": "userdetail", "itemId": 92, "approved": true}, "link": null, "read": false, "read_at": null, "created_at": "2025-12-26T05:49:40.575Z", "updated_at": "2025-12-26T05:49:40.575Z", "sender": 64}}, {"model": "authentication.notification", "pk": 153, "fields": {"user": 93, "title": "Your Details Approved", "message": "Your details have been approved by the administrator.", "notification_type": "approval", "data": {"formType": "userdetail", "approved": true}, "link": null, "read": false, "read_at": null, "created_at": "2025-12-26T05:49:51.647Z", "updated_at": "2025-12-26T05:49:51.648Z", "sender": 64}}, {"model": "authentication.notification", "pk": 154, "fields": {"user": 64, "title": "User Approved Successfully", "message": "You approved details for Sunita.", "notification_type": "approval", "data": {"formType": "userdetail", "approved": true, "adminAction": true}, "link": null, "read": false, "read_at": null, "created_at": "2025-12-26T05:49:51.661Z", "updated_at": "2025-12-26T05:49:51.661Z", "sender": 64}}, {"model": "authentication.notification", "pk": 155, "fields": {"user": 93, "title": "Your Details Approved", "message": "Your user details have been approved by the administrator.", "notification_type": "approval", "data": {"formType": "userdetail", "itemId": 93, "approved": true}, "link": null, "read": false, "read_at": null, "created_at": "2025-12-26T05:49:51.673Z", "updated_at": "2025-12-26T05:49:51.673Z", "sender": 64}}, {"model": "authentication.notification", "pk": 156, "fields": {"user": 94, "title": "Your Details Approved", "message": "Your details have been approved by the administrator.", "notification_type": "approval", "data": {"formType": "userdetail", "approved": true}, "link": null, "read": false, "read_at": null, "created_at": "2025-12-26T05:50:10.477Z", "updated_at": "2025-12-26T05:50:10.477Z", "sender": 64}}, {"model": "authentication.notification", "pk": 157, "fields": {"user": 64, "title": "User Approved Successfully", "message": "You approved details for Akash.", "notification_type": "approval", "data": {"formType": "userdetail", "approved": true, "adminAction": true}, "link": null, "read": false, "read_at": null, "created_at": "2025-12-26T05:50:10.490Z", "updated_at": "2025-12-26T05:50:10.490Z", "sender": 64}}, {"model": "authentication.notification", "pk": 158, "fields": {"user": 94, "title": "Your Details Approved", "message": "Your user details have been approved by the administrator.", "notification_type": "approval", "data": {"formType": "userdetail", "itemId": 94, "approved": true}, "link": null, "read": false, "read_at": null, "created_at": "2025-12-26T05:50:10.500Z", "updated_at": "2025-12-26T05:50:10.500Z", "sender": 64}}, {"model": "authentication.notification", "pk": 159, "fields": {"user": 95, "title": "Your Details Approved", "message": "Your details have been approved by the administrator.", "notification_type": "approval", "data": {"formType": "userdetail", "approved": true}, "link": null, "read": false, "read_at": null, "created_at": "2025-12-26T05:50:26.890Z", "updated_at": "2025-12-26T05:50:26.890Z", "sender": 64}}, {"model": "authentication.notification", "pk": 160, "fields": {"user": 64, "title": "User Approved Successfully", "message": "You approved details for Reena.", "notification_type": "approval", "data": {"formType": "userdetail", "approved": true, "adminAction": true}, "link": null, "read": false, "read_at": null, "created_at": "2025-12-26T05:50:26.904Z", "updated_at": "2025-12-26T05:50:26.904Z", "sender": 64}}, {"model": "authentication.notification", "pk": 161, "fields": {"user": 95, "title": "Your Details Approved", "message": "Your user details have been approved by the administrator.", "notification_type": "approval", "data": {"formType": "userdetail", "itemId": 95, "approved": true}, "link": null, "read": false, "read_at": null, "created_at": "2025-12-26T05:50:26.928Z", "updated_at": "2025-12-26T05:50:26.928Z", "sender": 64}}, {"model": "authentication.notification", "pk": 162, "fields": {"user": 84, "title": "Your Details Approved", "message": "Your details have been approved by the administrator.", "notification_type": "approval", "data": {"formType": "userdetail", "approved": true}, "link": null, "read": false, "read_at": null, "created_at": "2025-12-26T05:50:32.847Z", "updated_at": "2025-12-26T05:50:32.847Z", "sender": 65}}, {"model": "authentication.notification", "pk": 163, "fields": {"user": 65, "title": "User Approved Successfully", "message": "You approved details for Deepak.", "notification_type": "approval", "data": {"formType": "userdetail", "approved": true, "adminAction": true}, "link": null, "read": false, "read_at": null, "created_at": "2025-12-26T05:50:32.858Z", "updated_at": "2025-12-26T05:50:32.858Z", "sender": 65}}, {"model": "authentication.notification", "pk": 164, "fields": {"user": 84, "title": "Your Details Approved", "message": "Your user details have been approved by the administrator.", "notification_type": "approval", "data": {"formType": "userdetail", "itemId": 84, "approved": true}, "link": null, "read": false, "read_at": null, "created_at": "2025-12-26T05:50:32.870Z", "updated_at": "2025-12-26T05:50:32.870Z", "sender": 65}}, {"model": "authentication.notification", "pk": 165, "fields": {"user": 96, "title": "Your Details Approved", "message": "Your details have been approved by the administrator.", "notification_type": "approval", "data": {"formType": "userdetail", "approved": true}, "link": null, "read": false, "read_at": null, "created_at": "2025-12-26T05:50:45.138Z", "updated_at": "2025-12-26T05:50:45.138Z", "sender": 64}}, {"model": "authentication.notification", "pk": 166, "fields": {"user": 64, "title": "User Approved Successfully", "message": "You approved details for Nitin.", "notification_type": "approval", "data": {"formType": "userdetail", "approved": true, "adminAction": true}, "link": null, "read": true, "read_at": "2025-12-26T05:51:43.380Z", "created_at": "2025-12-26T05:50:45.162Z", "updated_at": "2025-12-26T05:50:45.163Z", "sender": 64}}, {"model": "authentication.notification", "pk": 167, "fields": {"user": 96, "title": "Your Details Approved", "message": "Your user details have been approved by the administrator.", "notification_type": "approval", "data": {"formType": "userdetail", "itemId": 96, "approved": true}, "link": null, "read": false, "read_at": null, "created_at": "2025-12-26T05:50:45.186Z", "updated_at": "2025-12-26T05:50:45.186Z", "sender": 64}}, {"model": "authentication.notification", "pk": 168, "fields": {"user": 97, "title": "Your Details Approved", "message": "Your details have been approved by the administrator.", "notification_type": "approval", "data": {"formType": "userdetail", "approved": true}, "link": null, "read": false, "read_at": null, "created_at": "2025-12-26T05:51:13.830Z", "updated_at": "2025-12-26T05:51:13.830Z", "sender": 64}}, {"model": "authentication.notification", "pk": 169, "fields": {"user": 64, "title": "User Approved Successfully", "message": "You approved details for Poonam.", "notification_type": "approval", "data": {"formType": "userdetail", "approved": true, "adminAction": true}, "link": null, "read": true, "read_at": "2025-12-26T05:51:34.787Z", "created_at": "2025-12-26T05:51:13.852Z", "updated_at": "2025-12-26T05:51:13.852Z", "sender": 64}}, {"model": "authentication.notification", "pk": 170, "fields": {"user": 97, "title": "Your Details Approved", "message": "Your user details have been approved by the administrator.", "notification_type": "approval", "data": {"formType": "userdetail", "itemId": 97, "approved": true}, "link": null, "read": false, "read_at": null, "created_at": "2025-12-26T05:51:13.863Z", "updated_at": "2025-12-26T05:51:13.864Z", "sender": 64}}, {"model": "authentication.notification", "pk": 171, "fields": {"user": 66, "title": "Your Details Approved", "message": "Your details have been approved by the administrator.", "notification_type": "approval", "data": {"formType": "userdetail", "approved": true}, "link": null, "read": false, "read_at": null, "created_at": "2025-12-26T05:52:30.996Z", "updated_at": "2025-12-26T05:52:30.996Z", "sender": 63}}, {"model": "authentication.notification", "pk": 172, "fields": {"user": 63, "title": "User Approved Successfully", "message": "You approved details for Amit.", "notification_type": "approval", "data": {"formType": "userdetail", "approved": true, "adminAction": true}, "link": null, "read": true, "read_at": "2025-12-26T05:53:50.933Z", "created_at": "2025-12-26T05:52:31.013Z", "updated_at": "2025-12-26T05:52:31.014Z", "sender": 63}}, {"model": "authentication.notification", "pk": 173, "fields": {"user": 66, "title": "Your Details Approved", "message": "Your user details have been approved by the administrator.", "notification_type": "approval", "data": {"formType": "userdetail", "itemId": 66, "approved": true}, "link": null, "read": false, "read_at": null, "created_at": "2025-12-26T05:52:31.031Z", "updated_at": "2025-12-26T05:52:31.032Z", "sender": 63}}, {"model": "authentication.notification", "pk": 174, "fields": {"user": 76, "title": "Your Details Approved", "message": "Your details have been approved by the administrator.", "notification_type": "approval", "data": {"formType": "userdetail", "approved": true}, "link": null, "read": false, "read_at": null, "created_at": "2025-12-26T05:58:29.161Z", "updated_at": "2025-12-26T05:58:29.161Z", "sender": 63}}, {"model": "authentication.notification", "pk": 175, "fields": {"user": 63, "title": "User Approved Successfully", "message": "You approved details for Sneha.", "notification_type": "approval", "data": {"formType": "userdetail", "approved": true, "adminAction": true}, "link": null, "read": false, "read_at": null, "created_at": "2025-12-26T05:58:29.181Z", "updated_at": "2025-12-26T05:58:29.182Z", "sender": 63}}, {"model": "authentication.notification", "pk": 176, "fields": {"user": 76, "title": "Your Details Approved", "message": "Your user details have been approved by the administrator.", "notification_type": "approval", "data": {"formType": "userdetail", "itemId": 76, "approved": true}, "link": null, "read": false, "read_at": null, "created_at": "2025-12-26T05:58:29.204Z", "updated_at": "2025-12-26T05:58:29.204Z", "sender": 63}}, {"model": "authentication.notification", "pk": 177, "fields": {"user": 69, "title": "Your Details Approved", "message": "Your details have been approved by the administrator.", "notification_type": "approval", "data": {"formType": "userdetail", "approved": true}, "link": null, "read": false, "read_at": null, "created_at": "2025-12-26T06:00:11.687Z", "updated_at": "2025-12-26T06:00:11.687Z", "sender": 63}}, {"model": "authentication.notification", "pk": 178, "fields": {"user": 63, "title": "User Approved Successfully", "message": "You approved details for Priya.", "notification_type": "approval", "data": {"formType": "userdetail", "approved": true, "adminAction": true}, "link": null, "read": false, "read_at": null, "created_at": "2025-12-26T06:00:11.726Z", "updated_at": "2025-12-26T06:00:11.727Z", "sender": 63}}, {"model": "authentication.notification", "pk": 179, "fields": {"user": 69, "title": "Your Details Approved", "message": "Your user details have been approved by the administrator.", "notification_type": "approval", "data": {"formType": "userdetail", "itemId": 69, "approved": true}, "link": null, "read": false, "read_at": null, "created_at": "2025-12-26T06:00:11.743Z", "updated_at": "2025-12-26T06:00:11.743Z", "sender": 63}}, {"model": "authentication.notification", "pk": 180, "fields": {"user": 81, "title": "Your Details Approved", "message": "Your details have been approved by the administrator.", "notification_type": "approval", "data": {"formType": "userdetail", "approved": true}, "link": null, "read": false, "read_at": null, "created_at": "2025-12-26T06:00:59.378Z", "updated_at": "2025-12-26T06:00:59.378Z", "sender": 63}}, {"model": "authentication.notification", "pk": 181, "fields": {"user": 63, "title": "User Approved Successfully", "message": "You approved details for Anjali.", "notification_type": "approval", "data": {"formType": "userdetail", "approved": true, "adminAction": true}, "link": null, "read": true, "read_at": "2025-12-26T06:08:49.380Z", "created_at": "2025-12-26T06:00:59.395Z", "updated_at": "2025-12-26T06:00:59.396Z", "sender": 63}}, {"model": "authentication.notification", "pk": 182, "fields": {"user": 81, "title": "Your Details Approved", "message": "Your user details have been approved by the administrator.", "notification_type": "approval", "data": {"formType": "userdetail", "itemId": 81, "approved": true}, "link": null, "read": false, "read_at": null, "created_at": "2025-12-26T06:00:59.414Z", "updated_at": "2025-12-26T06:00:59.414Z", "sender": 63}}, {"model": "authentication.notification", "pk": 183, "fields": {"user": 80, "title": "Your Details Approved", "message": "Your details have been approved by the administrator.", "notification_type": "approval", "data": {"formType": "userdetail", "approved": true}, "link": null, "read": false, "read_at": null, "created_at": "2025-12-26T06:17:21.000Z", "updated_at": "2025-12-26T06:17:21.000Z", "sender": 63}}, {"model": "authentication.notification", "pk": 184, "fields": {"user": 63, "title": "User Approved Successfully", "message": "You approved details for Ritu.", "notification_type": "approval", "data": {"formType": "userdetail", "approved": true, "adminAction": true}, "link": null, "read": false, "read_at": null, "created_at": "2025-12-26T06:17:21.014Z", "updated_at": "2025-12-26T06:17:21.014Z", "sender": 63}}, {"model": "authentication.notification", "pk": 185, "fields": {"user": 80, "title": "Your Details Approved", "message": "Your user details have been approved by the administrator.", "notification_type": "approval", "data": {"formType": "userdetail", "itemId": 80, "approved": true}, "link": null, "read": false, "read_at": null, "created_at": "2025-12-26T06:17:21.027Z", "updated_at": "2025-12-26T06:17:21.027Z", "sender": 63}}, {"model": "authentication.notification", "pk": 186, "fields": {"user": 99, "title": "Your Details Approved", "message": "Your details have been approved by the administrator.", "notification_type": "approval", "data": {"formType": "userdetail", "approved": true}, "link": null, "read": false, "read_at": null, "created_at": "2025-12-26T06:20:30.051Z", "updated_at": "2025-12-26T06:20:30.051Z", "sender": 64}}, {"model": "authentication.notification", "pk": 187, "fields": {"user": 64, "title": "User Approved Successfully", "message": "You approved details for Kirti.", "notification_type": "approval", "data": {"formType": "userdetail", "approved": true, "adminAction": true}, "link": null, "read": false, "read_at": null, "created_at": "2025-12-26T06:20:30.070Z", "updated_at": "2025-12-26T06:20:30.072Z", "sender": 64}}, {"model": "authentication.notification", "pk": 188, "fields": {"user": 99, "title": "Your Details Approved", "message": "Your user details have been approved by the administrator.", "notification_type": "approval", "data": {"formType": "userdetail", "itemId": 99, "approved": true}, "link": null, "read": false, "read_at": null, "created_at": "2025-12-26T06:20:30.103Z", "updated_at": "2025-12-26T06:20:30.103Z", "sender": 64}}, {"model": "authentication.projectattendance", "pk": 1, "fields": {"user": 38, "project": 9, "check_in_time": "2025-12-23T06:42:22.858Z", "check_out_time": null, "check_in_latitude": 9.9812309, "check_in_longitude": 78.1433573, "check_out_latitude": null, "check_out_longitude": null, "check_in_photo": "attendance_photos/check_in/attendance-photo-1766472139215.jpg", "check_out_photo": "", "status": "checked_in", "working_time": null}}, {"model": "authentication.projectattendance", "pk": 2, "fields": {"user": 44, "project": 9, "check_in_time": "2025-12-23T06:44:46.284Z", "check_out_time": null, "check_in_latitude": 9.9812227, "check_in_longitude": 78.1433552, "check_out_latitude": null, "check_out_longitude": null, "check_in_photo": "attendance_photos/check_in/attendance-photo-1766472284395.jpg", "check_out_photo": "", "status": "checked_in", "working_time": null}}, {"model": "worker.worker", "pk": 1, "fields": {"worker_id": "WRK-0001", "name": "Test", "surname": "Worker", "father_or_spouse_name": "Test Father", "date_of_birth": "1990-01-01", "gender": "Male", "nationality": "Indian", "education_level": "High School Diploma / Equivalent", "education_other": null, "date_of_joining": "2025-01-01", "designation": "Machine Operator", "category": "Skilled", "employment_type": "temporary", "department": "Production / Manufacturing", "phone_number": "9876543210", "present_address": "Test Address", "permanent_address": "Test Address", "aadhaar": "123456789012", "pan": null, "uan": null, "esic_ip": null, "lwf": null, "mark_of_identification": "Mole on left hand", "photo": "", "status": "active", "employment_status": "initiated", "project": 1, "created_by": 4, "created_at": "2025-12-25T06:24:55.262Z", "updated_at": "2025-12-25T06:24:55.262Z"}}, {"model": "worker.worker", "pk": 2, "fields": {"worker_id": "WRK-0002", "name": "Test", "surname": "Worker", "father_or_spouse_name": "Test Father", "date_of_birth": "1990-01-01", "gender": "Male", "nationality": "Indian", "education_level": "High School Diploma / Equivalent", "education_other": null, "date_of_joining": "2025-01-01", "designation": "Machine Operator", "category": "Skilled", "employment_type": "temporary", "department": "Production / Manufacturing", "phone_number": "9876543211", "present_address": "Test Address", "permanent_address": "Test Address", "aadhaar": "123456789013", "pan": null, "uan": null, "esic_ip": null, "lwf": null, "mark_of_identification": "Mole on left hand", "photo": "", "status": "active", "employment_status": "initiated", "project": 1, "created_by": 4, "created_at": "2025-12-25T06:25:39.750Z", "updated_at": "2025-12-25T06:25:39.750Z"}}, {"model": "worker.worker", "pk": 3, "fields": {"worker_id": "WRK-0003", "name": "Rahul", "surname": "Sharma", "father_or_spouse_name": "Suresh Sharma", "date_of_birth": "1993-03-25", "gender": "Male", "nationality": "Indian", "education_level": "Vocational Training / Certification", "education_other": null, "date_of_joining": "2021-06-01", "designation": "Machine Operator", "category": "Skilled", "employment_type": "permanent", "department": "Production / Manufacturing", "phone_number": "9876354230", "present_address": "12, Industrial Area, Pune, Maharashtra", "permanent_address": "12, Industrial Area, Pune, Maharashtra", "aadhaar": "123276789012", "pan": "ABCDE1234F", "uan": "100200300400", "esic_ip": "1122334455", "lwf": "LWF001", "mark_of_identification": "Mole on left cheek", "photo": "worker_photos/worker_photo_wFnWF7W.jpg", "status": "active", "employment_status": "initiated", "project": 9, "created_by": 40, "created_at": "2025-12-25T15:07:54.164Z", "updated_at": "2025-12-25T15:07:54.164Z"}}, {"model": "worker.worker", "pk": 5, "fields": {"worker_id": "WRK-0005", "name": "Suresh", "surname": "Yadav", "father_or_spouse_name": "Ramcharan Yadav", "date_of_birth": "1996-08-21", "gender": "Male", "nationality": "Indian", "education_level": "Associate Degree", "education_other": null, "date_of_joining": "2023-05-02", "designation": "Environmental Engineer / Compliance Officer", "category": "Semi Skilled", "employment_type": "temporary", "department": "EHS (Environment, Health & Safety)", "phone_number": "9123456789", "present_address": "Room No 4, Sai Colony, Andheri East, Mumbai  400069", "permanent_address": "Room No 4, Sai Colony, Andheri East, Mumbai  400069", "aadhaar": "567891234567", "pan": "QWERT2345A", "uan": "223456789012", "esic_ip": "2233445566", "lwf": "LWF-00124", "mark_of_identification": "Scar on right eyebrow", "photo": "worker_photos/Profile.jpg", "status": "active", "employment_status": "initiated", "project": 13, "created_by": 99, "created_at": "2025-12-26T07:06:27.047Z", "updated_at": "2025-12-26T07:06:27.047Z"}}, {"model": "worker.worker", "pk": 6, "fields": {"worker_id": "WRK-0006", "name": "Lakshmi", "surname": "Devi", "father_or_spouse_name": "Raju Kumar", "date_of_birth": "1999-05-12", "gender": "Female", "nationality": "Indian", "education_level": "Master's Degree", "education_other": null, "date_of_joining": "2024-05-08", "designation": "Safety Officer", "category": "Semi Skilled", "employment_type": "temporary", "department": "EHS (Environment, Health & Safety)", "phone_number": "9988776655", "present_address": "Labour Camp, Sector 18, Noida, Uttar Pradesh  201301", "permanent_address": "Labour Camp, Sector 18, Noida, Uttar Pradesh  201301", "aadhaar": "678912345678", "pan": "ZXCVB6789L", "uan": "323456789012", "esic_ip": "3344556677", "lwf": "LWF-00125", "mark_of_identification": "Mole on neck", "photo": "worker_photos/worker_photo_hwjBonK.jpg", "status": "active", "employment_status": "initiated", "project": 13, "created_by": 99, "created_at": "2025-12-26T07:11:13.989Z", "updated_at": "2025-12-26T07:11:13.989Z"}}, {"model": "worker.worker", "pk": 7, "fields": {"worker_id": "WRK-0007", "name": "Ramesh", "surname": "Patil", "father_or_spouse_name": "Shankar Patil", "date_of_birth": "2000-05-10", "gender": "Male", "nationality": "Indian", "education_level": "Bachelor's Degree", "education_other": null, "date_of_joining": "2025-10-01", "designation": "Fire Safety In-charge", "category": "Semi Skilled", "employment_type": "temporary", "department": "Fire Safety & Emergency Response", "phone_number": "9876543213", "present_address": "Plot No 21, Shanti Nagar, Pune, Maharashtra  411017", "permanent_address": "Plot No 21, Shanti Nagar, Pune, Maharashtra  411017", "aadhaar": "456789123012", "pan": "TYWQP6789A", "uan": "203900200012", "esic_ip": "3231312780", "lwf": "LWF-00123", "mark_of_identification": "Mole on left forearm", "photo": "worker_photos/Nelson_Pic_uG1zZBu.jpg", "status": "active", "employment_status": "initiated", "project": 13, "created_by": 90, "created_at": "2025-12-26T07:18:49.593Z", "updated_at": "2025-12-26T07:18:49.593Z"}}, {"model": "worker.worker", "pk": 8, "fields": {"worker_id": "WRK-0008", "name": "Suresh", "surname": "Ravi", "father_or_spouse_name": "Ravichandran", "date_of_birth": "1988-11-25", "gender": "Female", "nationality": "Indian", "education_level": "Vocational Training / Certification", "education_other": null, "date_of_joining": "2024-06-17", "designation": "Packaging Manager", "category": "Skilled", "employment_type": "temporary", "department": "Packaging & Labeling", "phone_number": "9965432187", "present_address": "No. 45, Gandhi Street,\r\nKamarajar Nagar,\r\nDindigul  624001,\r\nTamil Nadu, India", "permanent_address": "No. 45, Gandhi Street,\r\nKamarajar Nagar,\r\nDindigul  624001,\r\nTamil Nadu, India", "aadhaar": "678901234567", "pan": "PQRSX6789M", "uan": "456789012345", "esic_ip": "11456789012345678", "lwf": "LWF-TN-845912", "mark_of_identification": "Mole on right forearm", "photo": "worker_photos/worker_photo_jBQJ4rS.jpg", "status": "active", "employment_status": "initiated", "project": 13, "created_by": 91, "created_at": "2025-12-26T07:19:16.934Z", "updated_at": "2025-12-26T07:19:16.934Z"}}, {"model": "worker.worker", "pk": 9, "fields": {"worker_id": "WRK-0009", "name": "Sunita", "surname": "Kumari", "father_or_spouse_name": "Ramesh Kumar", "date_of_birth": "2000-02-01", "gender": "Female", "nationality": "Indian", "education_level": "Bachelor's Degree", "education_other": null, "date_of_joining": "2025-10-02", "designation": "QA/QC Engineer", "category": "Semi Skilled", "employment_type": "temporary", "department": "Quality Control / Quality Assurance (QC/QA)", "phone_number": "7766554433", "present_address": "Flat No 12, Ganesh Nagar, Nagpur, Maharashtra  440009", "permanent_address": "Flat No 12, Ganesh Nagar, Nagpur, Maharashtra  440009", "aadhaar": "891234567890", "pan": "MNOPQ1122N", "uan": "523456789012", "esic_ip": "5566778899", "lwf": "LWF-00127", "mark_of_identification": "Birthmark on right ankle", "photo": "worker_photos/Profile_WfMlQSQ.jpg", "status": "active", "employment_status": "initiated", "project": 13, "created_by": 90, "created_at": "2025-12-26T07:22:48.468Z", "updated_at": "2025-12-26T07:22:48.468Z"}}, {"model": "tbt.toolboxtalk", "pk": 1, "fields": {"title": "Test TBT", "description": "Test description", "date": "2024-12-25", "duration": 30, "duration_unit": "minutes", "location": "Test Location", "conducted_by": "Test Conductor", "status": "planned", "project": 2, "created_by": 13, "evidence_photo": "", "created_at": "2025-12-25T07:00:14.033Z", "updated_at": "2025-12-25T07:00:14.033Z"}}, {"model": "tbt.toolboxtalk", "pk": 2, "fields": {"title": "Test TBT Create", "description": "Test description", "date": "2024-12-25", "duration": 30, "duration_unit": "minutes", "location": "Test Location", "conducted_by": "Test Conductor", "status": "planned", "project": 2, "created_by": 13, "evidence_photo": "", "created_at": "2025-12-25T07:02:11.386Z", "updated_at": "2025-12-25T07:02:11.387Z"}}, {"model": "tbt.toolboxtalk", "pk": 3, "fields": {"title": "House Keeping", "description": "", "date": "2025-12-25", "duration": 30, "duration_unit": "minutes", "location": "EAP #001", "conducted_by": "joel@gmail.com", "status": "planned", "project": 9, "created_by": 40, "evidence_photo": "", "created_at": "2025-12-25T07:03:29.075Z", "updated_at": "2025-12-25T07:03:29.075Z"}}, {"model": "tbt.toolboxtalk", "pk": 4, "fields": {"title": "Safe Use of Hand Tools", "description": "", "date": "2025-12-26", "duration": 20, "duration_unit": "minutes", "location": "Mechanical Work Area - Madurai", "conducted_by": "rahul.chauhan@prozeal.co.in", "status": "planned", "project": 13, "created_by": 90, "evidence_photo": "", "created_at": "2025-12-26T08:42:13.398Z", "updated_at": "2025-12-26T08:42:33.059Z"}}, {"model": "tbt.toolboxtalk", "pk": 5, "fields": {"title": "Safe Use of Hand Tools", "description": "", "date": "2025-12-26", "duration": 30, "duration_unit": "minutes", "location": "Mechanical Work Area - Pune", "conducted_by": "rahul.chauhan@prozeal.co.in", "status": "planned", "project": 13, "created_by": 90, "evidence_photo": "", "created_at": "2025-12-26T08:44:04.888Z", "updated_at": "2025-12-26T08:44:04.888Z"}}, {"model": "tbt.toolboxtalk", "pk": 7, "fields": {"title": "Heat Stress & Hydration Awareness", "description": "", "date": "2025-12-26", "duration": 480, "duration_unit": "minutes", "location": "Rest Area  Main Site", "conducted_by": "rahul.chauhan@prozeal.co.in", "status": "planned", "project": 13, "created_by": 90, "evidence_photo": "", "created_at": "2025-12-26T08:49:03.280Z", "updated_at": "2025-12-26T08:49:10.145Z"}}, {"model": "tbt.toolboxtalk", "pk": 8, "fields": {"title": "Working at Height  Safety Precautions", "description": "", "date": "2025-12-26", "duration": 1, "duration_unit": "hours", "location": "Solar Plant Site  Block A", "conducted_by": "divya.bhatt@prozeal.co.in", "status": "planned", "project": 13, "created_by": 91, "evidence_photo": "", "created_at": "2025-12-26T08:49:58.700Z", "updated_at": "2025-12-26T08:49:58.700Z"}}, {"model": "tbt.toolboxtalk", "pk": 9, "fields": {"title": "Working at Height  Safety Precautions", "description": "", "date": "2025-12-26", "duration": 1, "duration_unit": "hours", "location": "Solar Plant Site", "conducted_by": "divya.bhatt@prozeal.co.in", "status": "planned", "project": 13, "created_by": 91, "evidence_photo": "", "created_at": "2025-12-26T08:52:26.107Z", "updated_at": "2025-12-26T08:52:57.757Z"}}, {"model": "inductiontraining.inductiontraining", "pk": 1, "fields": {"title": "Site Safety and Emergency Prepardness", "description": "", "date": "2025-12-25", "location": "Office Container #1", "conducted_by": "joel@gmail.com", "status": "planned", "project": 9, "created_by": 40, "created_at": "2025-12-25T05:54:44.951Z", "updated_at": "2025-12-25T05:54:44.951Z"}}, {"model": "inductiontraining.inductiontraining", "pk": 2, "fields": {"title": "Test Training", "description": "", "date": "2025-12-25", "location": "Test Location", "conducted_by": "test", "status": "planned", "project": 1, "created_by": 4, "created_at": "2025-12-25T06:07:04.302Z", "updated_at": "2025-12-25T06:07:04.302Z"}}, {"model": "inductiontraining.inductiontraining", "pk": 3, "fields": {"title": "Test Training", "description": "", "date": "2025-12-25", "location": "Test Location", "conducted_by": "test", "status": "planned", "project": 1, "created_by": 4, "created_at": "2025-12-25T06:07:53.257Z", "updated_at": "2025-12-25T06:07:53.257Z"}}, {"model": "inductiontraining.inductiontraining", "pk": 4, "fields": {"title": "Test Training", "description": "", "date": "2025-12-25", "location": "Test Location", "conducted_by": "test", "status": "planned", "project": 1, "created_by": 4, "created_at": "2025-12-25T06:08:26.688Z", "updated_at": "2025-12-25T06:08:26.688Z"}}, {"model": "inductiontraining.inductiontraining", "pk": 5, "fields": {"title": "Test Training", "description": "", "date": "2025-12-25", "location": "Test Location", "conducted_by": "test", "status": "planned", "project": 1, "created_by": 4, "created_at": "2025-12-25T06:09:51.186Z", "updated_at": "2025-12-25T06:09:51.186Z"}}, {"model": "inductiontraining.inductiontraining", "pk": 6, "fields": {"title": "Test Training", "description": "", "date": "2025-12-25", "location": "Test Location", "conducted_by": "test", "status": "planned", "project": 1, "created_by": 4, "created_at": "2025-12-25T06:12:23.531Z", "updated_at": "2025-12-25T06:12:23.531Z"}}, {"model": "inductiontraining.inductiontraining", "pk": 7, "fields": {"title": "Test Training", "description": "", "date": "2025-12-25", "location": "Test Location", "conducted_by": "test", "status": "planned", "project": 1, "created_by": 4, "created_at": "2025-12-25T06:12:46.794Z", "updated_at": "2025-12-25T06:12:46.794Z"}}, {"model": "inductiontraining.inductiontraining", "pk": 8, "fields": {"title": "Test Training Direct", "description": "", "date": "2025-12-25", "location": "Test Location", "conducted_by": "test", "status": "planned", "project": 1, "created_by": 4, "created_at": "2025-12-25T06:13:02.693Z", "updated_at": "2025-12-25T06:13:02.693Z"}}, {"model": "inductiontraining.inductiontraining", "pk": 9, "fields": {"title": "Test Training", "description": "", "date": "2025-12-25", "location": "Test Location", "conducted_by": "test", "status": "planned", "project": 1, "created_by": 4, "created_at": "2025-12-25T06:13:37.530Z", "updated_at": "2025-12-25T06:13:37.530Z"}}, {"model": "inductiontraining.inductiontraining", "pk": 10, "fields": {"title": "Test Training HTTPS", "description": "", "date": "2025-12-25", "location": "Test Location", "conducted_by": "test", "status": "planned", "project": 1, "created_by": 4, "created_at": "2025-12-25T06:13:46.683Z", "updated_at": "2025-12-25T06:13:46.683Z"}}, {"model": "inductiontraining.inductiontraining", "pk": 11, "fields": {"title": "Test with AI Bot", "description": "", "date": "2025-12-25", "location": "Test Location", "conducted_by": "test", "status": "planned", "project": 1, "created_by": 4, "created_at": "2025-12-25T06:18:47.871Z", "updated_at": "2025-12-25T06:18:47.871Z"}}, {"model": "inductiontraining.inductiontraining", "pk": 12, "fields": {"title": "Safety Testing 1", "description": "", "date": "2025-12-26", "location": "East Gate, Madurai", "conducted_by": "joel@gmail.com", "status": "planned", "project": 9, "created_by": 40, "created_at": "2025-12-26T04:22:32.264Z", "updated_at": "2025-12-26T04:22:32.264Z"}}, {"model": "inductiontraining.inductiontraining", "pk": 13, "fields": {"title": "induction Training", "description": "", "date": "2025-12-26", "location": "Madurai, Tamil Nadu", "conducted_by": "ashish.dubey@prozeal.co.in", "status": "planned", "project": 13, "created_by": 98, "created_at": "2025-12-26T06:28:05.706Z", "updated_at": "2025-12-26T06:28:05.706Z"}}, {"model": "inductiontraining.inductiontraining", "pk": 14, "fields": {"title": "Dgvsnn s", "description": "", "date": "2025-12-26", "location": "Jdsjbdbbd", "conducted_by": "joel@gmail.com", "status": "planned", "project": 9, "created_by": 40, "created_at": "2025-12-26T06:42:30.984Z", "updated_at": "2025-12-26T06:42:30.984Z"}}, {"model": "inductiontraining.inductiontraining", "pk": 15, "fields": {"title": "General Safety Induction", "description": "", "date": "2025-12-26", "location": "Site Office  Pune Plant", "conducted_by": "rahul.chauhan@prozeal.co.in", "status": "planned", "project": 13, "created_by": 90, "created_at": "2025-12-26T07:31:24.838Z", "updated_at": "2025-12-26T07:31:24.838Z"}}, {"model": "inductiontraining.inductiontraining", "pk": 16, "fields": {"title": "Electrical Safety Awareness", "description": "", "date": "2025-12-26", "location": "Electrical Workshop  Block B", "conducted_by": "rahul.chauhan@prozeal.co.in", "status": "planned", "project": 13, "created_by": 90, "created_at": "2025-12-26T07:32:07.719Z", "updated_at": "2025-12-26T07:32:07.719Z"}}, {"model": "inductiontraining.inductiontraining", "pk": 17, "fields": {"title": "Work at Height Safety", "description": "", "date": "2025-12-26", "location": "Safety Training Yard", "conducted_by": "rahul.chauhan@prozeal.co.in", "status": "planned", "project": 13, "created_by": 90, "created_at": "2025-12-26T07:33:04.217Z", "updated_at": "2025-12-26T07:33:04.217Z"}}, {"model": "inductiontraining.inductiontraining", "pk": 18, "fields": {"title": "Site Safety Awareness Training", "description": "", "date": "2025-12-26", "location": "Theni Project Site, Tamil Nadu", "conducted_by": "divya.bhatt@prozeal.co.in", "status": "planned", "project": 13, "created_by": 91, "created_at": "2025-12-26T08:13:37.270Z", "updated_at": "2025-12-26T08:13:37.270Z"}}, {"model": "inductiontraining.inductiontraining", "pk": 19, "fields": {"title": "Test 1 Induction Training", "description": "", "date": "2025-12-26", "location": "Madurai", "conducted_by": "ravi.nair@ak116.com", "status": "planned", "project": 9, "created_by": 44, "created_at": "2025-12-26T11:47:34.760Z", "updated_at": "2025-12-26T11:47:34.760Z"}}, {"model": "inductiontraining.inductiontraining", "pk": 20, "fields": {"title": "Fire Fighting & Emergency Response", "description": "", "date": "2025-12-26", "location": "Training Hall  Main Site", "conducted_by": "rahul.chauhan@prozeal.co.in", "status": "planned", "project": 13, "created_by": 90, "created_at": "2025-12-26T11:52:43.043Z", "updated_at": "2025-12-26T11:52:43.043Z"}}, {"model": "inductiontraining.inductiontraining", "pk": 21, "fields": {"title": "Fire Fighting & Emergency Response", "description": "", "date": "2025-12-26", "location": "Training Hall  Main Site", "conducted_by": "rahul.chauhan@prozeal.co.in", "status": "planned", "project": 13, "created_by": 90, "created_at": "2025-12-26T11:54:08.951Z", "updated_at": "2025-12-26T11:54:08.951Z"}}, {"model": "inductiontraining.inductiontraining", "pk": 22, "fields": {"title": "Fire Fighting & Emergency Response", "description": "", "date": "2025-12-26", "location": "Safety Training Yard", "conducted_by": "rahul.chauhan@prozeal.co.in", "status": "planned", "project": 13, "created_by": 90, "created_at": "2025-12-26T11:55:10.843Z", "updated_at": "2025-12-26T11:55:10.843Z"}}, {"model": "jobtraining.jobtraining", "pk": 1, "fields": {"title": "Fully Updated Job Training", "description": "Updated description", "date": "2025-12-26", "location": "Updated Location", "conducted_by": "updated@gmail.com", "status": "planned", "project": 9, "created_by": 40, "created_at": "2025-12-25T06:33:58.489Z", "updated_at": "2025-12-25T06:40:30.549Z"}}, {"model": "jobtraining.jobtraining", "pk": 2, "fields": {"title": "Test Job Training", "description": "Test description", "date": "2024-12-25", "location": "Test Location", "conducted_by": "Test Conductor", "status": "planned", "project": 2, "created_by": 13, "created_at": "2025-12-25T06:35:20.663Z", "updated_at": "2025-12-25T06:35:20.663Z"}}, {"model": "jobtraining.jobtraining", "pk": 5, "fields": {"title": "Site Safety and Emergency Prepardness", "description": null, "date": "2025-12-25", "location": "Office Container #2", "conducted_by": "joel@gmail.com", "status": "planned", "project": 9, "created_by": 40, "created_at": "2025-12-25T06:44:00.353Z", "updated_at": "2025-12-25T06:44:00.353Z"}}, {"model": "jobtraining.jobtraining", "pk": 7, "fields": {"title": "Welding Safety & Techniques", "description": null, "date": "2025-12-26", "location": "Welding Yard  Section C - Pune Site", "conducted_by": "rahul.chauhan@prozeal.co.in", "status": "planned", "project": 13, "created_by": 90, "created_at": "2025-12-26T08:40:57.715Z", "updated_at": "2025-12-26T08:40:57.715Z"}}, {"model": "jobtraining.jobtraining", "pk": 8, "fields": {"title": "Test Job Training 1", "description": null, "date": "2025-12-26", "location": "Madurai", "conducted_by": "ravi.nair@ak116.com", "status": "planned", "project": 9, "created_by": 44, "created_at": "2025-12-26T11:25:50.145Z", "updated_at": "2025-12-26T11:25:50.145Z"}}, {"model": "mom.mom", "pk": 2, "fields": {"title": "Workflow of Athens Software", "agenda": "Workflow \nUser's Types", "meeting_datetime": "2025-12-24T15:11:00Z", "scheduled_by": 40, "department": null, "location": "East Gate,Madurai", "points_to_discuss": null, "status": "scheduled", "completed_at": null, "duration_minutes": null, "created_at": "2025-12-24T14:12:59.684Z", "updated_at": "2025-12-24T14:12:59.684Z", "participants": []}}, {"model": "mom.mom", "pk": 3, "fields": {"title": "Updated Test MoM", "agenda": "Test agenda", "meeting_datetime": "2024-12-25T10:00:00Z", "scheduled_by": 13, "department": "Engineering", "location": "Test Location", "points_to_discuss": null, "status": "scheduled", "completed_at": null, "duration_minutes": null, "created_at": "2025-12-25T07:23:27.006Z", "updated_at": "2025-12-25T07:23:55.259Z", "participants": []}}, {"model": "mom.mom", "pk": 5, "fields": {"title": "KPI Review Meeting", "agenda": "Evaluate the QHSE Professional KPI Strategy Plan and Actions", "meeting_datetime": "2025-12-31T04:30:00Z", "scheduled_by": 40, "department": null, "location": "Office Container #2", "points_to_discuss": null, "status": "scheduled", "completed_at": null, "duration_minutes": null, "created_at": "2025-12-25T07:44:40.322Z", "updated_at": "2025-12-25T07:44:40.322Z", "participants": [19, 20, 22, 54, 59]}}, {"model": "safetyobservation.safetyobservation", "pk": 1, "fields": {"observationID": "SO-20251222-184201", "date": "2025-12-22", "time": "14:00:00", "reportedBy": "joel@gmail.com", "department": "Electrical", "workLocation": "Madurai Project Site  Block A", "activityPerforming": "Electrical wiring inspection", "contractorName": "AK116", "typeOfObservation": "unsafe_condition", "classification": ["electrical"], "safetyObservationFound": "Loose electrical cables were found exposed near the working area without proper insulation, posing a risk of electric shock.", "severity": 3, "likelihood": 4, "riskScore": 12, "correctivePreventiveAction": "Immediately insulate the exposed cables and secure them using proper cable trays. Conduct a safety briefing for workers on electrical hazards.", "correctiveActionAssignedTo": "ravi", "commitmentDate": "2025-12-22", "observationStatus": "open", "remarks": "Remarks: Immediate action required to prevent accidents.", "is_environmental": false, "env_incident_type": null, "created_at": "2025-12-22T13:17:47.594Z", "updated_at": "2025-12-22T13:17:47.594Z", "created_by": 40}}, {"model": "safetyobservation.safetyobservation", "pk": 3, "fields": {"observationID": "", "date": "2025-02-17", "time": "11:15:00", "reportedBy": "joel@gmail.com", "department": "Electrical", "workLocation": "Chennai Project Site  Block A", "activityPerforming": "Electrical wiring inspection", "contractorName": "AK116", "typeOfObservation": "unsafe_condition", "classification": ["emergency_preparedness"], "safetyObservationFound": "Loose electrical cables were found exposed near the working area without proper insulation, posing a risk of electric shock.", "severity": 3, "likelihood": 2, "riskScore": 6, "correctivePreventiveAction": "Immediately insulate the exposed cables and secure them using proper cable trays. Conduct a safety briefing for workers on electrical hazards.", "correctiveActionAssignedTo": "ravi", "commitmentDate": "2025-12-23", "observationStatus": "open", "remarks": "Immediate action required to prevent accidents.", "is_environmental": false, "env_incident_type": null, "created_at": "2025-12-23T04:47:40.643Z", "updated_at": "2025-12-23T04:47:40.643Z", "created_by": 40}}, {"model": "safetyobservation.safetyobservation", "pk": 4, "fields": {"observationID": "SO-20251225-130640", "date": "2025-12-24", "time": "18:00:00", "reportedBy": "joel@gmail.com", "department": "Civil", "workLocation": "IDT 01", "activityPerforming": "Transformer Erection", "contractorName": "Vara Infra Projects Private Limited", "typeOfObservation": "unsafe_act", "classification": ["procedure_deviation"], "safetyObservationFound": "Instead of using Chains to lift the transformer, they are using sling belt with low load capacity.", "severity": 1, "likelihood": 1, "riskScore": 1, "correctivePreventiveAction": "Remove it and use the appropriate sling belt", "correctiveActionAssignedTo": "vinoth", "commitmentDate": "2025-12-25", "observationStatus": "open", "remarks": "", "is_environmental": false, "env_incident_type": null, "created_at": "2025-12-25T13:06:40.710Z", "updated_at": "2025-12-25T13:06:40.710Z", "created_by": 40}}, {"model": "safetyobservation.safetyobservation", "pk": 6, "fields": {"observationID": "SO-20251225-131059", "date": "2025-12-25", "time": "18:37:08", "reportedBy": "joel@gmail.com", "department": "Mechanical", "workLocation": "IDT 01", "activityPerforming": "Transformer Erection", "contractorName": "AK116", "typeOfObservation": "repeat_observation", "classification": ["material_handling"], "safetyObservationFound": "Unloading: improper procedure and work under suspended loads", "severity": 1, "likelihood": 1, "riskScore": 1, "correctivePreventiveAction": "Stop the work and let them aware about the error and Train Them", "correctiveActionAssignedTo": "Joel", "commitmentDate": "2025-12-26", "observationStatus": "open", "remarks": "", "is_environmental": false, "env_incident_type": null, "created_at": "2025-12-25T13:10:59.389Z", "updated_at": "2025-12-25T13:10:59.389Z", "created_by": 40}}, {"model": "safetyobservation.safetyobservation", "pk": 7, "fields": {"observationID": "SO-20251225-132413", "date": "2025-12-25", "time": "18:52:37", "reportedBy": "joel@gmail.com", "department": "Stores", "workLocation": "Storage Yard", "activityPerforming": "Transformer Shifting", "contractorName": "BK Green Energy", "typeOfObservation": "unsafe_act", "classification": ["ppe_compliance"], "safetyObservationFound": "Working without Guiderope", "severity": 1, "likelihood": 1, "riskScore": 1, "correctivePreventiveAction": "Insist them to use the guiderope while shifting", "correctiveActionAssignedTo": "ravi", "commitmentDate": "2025-12-25", "observationStatus": "in_progress", "remarks": "", "is_environmental": false, "env_incident_type": null, "created_at": "2025-12-25T13:24:13.761Z", "updated_at": "2025-12-25T13:42:32.198Z", "created_by": 40}}, {"model": "manpower.worktype", "pk": 1, "fields": {"name": "Concrete Team", "description": "", "color_code": "#1890ff", "is_active": true, "created_at": "2025-12-25T15:09:24.558Z"}}, {"model": "manpower.manpowerentry", "pk": 12, "fields": {"date": "2025-12-25", "category": "Engineers", "gender": "Male", "count": 1, "work_type": 1, "shift": "general", "hours_worked": "8.0", "overtime_hours": "0.0", "attendance_status": "present", "notes": "Work Description: Concrete Work at IDT Foundation\nCreated by: joel@gmail.com\nShift: general\nDate: 2025-12-25", "created_by": 40, "project": 9, "created_at": "2025-12-25T16:20:37.089Z", "updated_at": "2025-12-25T16:20:37.089Z"}}, {"model": "manpower.manpowerentry", "pk": 13, "fields": {"date": "2025-12-25", "category": "Supervisors", "gender": "Male", "count": 1, "work_type": 1, "shift": "general", "hours_worked": "8.0", "overtime_hours": "0.0", "attendance_status": "present", "notes": "Work Description: Concrete Work at IDT Foundation\nCreated by: joel@gmail.com\nShift: general\nDate: 2025-12-25", "created_by": 40, "project": 9, "created_at": "2025-12-25T16:20:37.116Z", "updated_at": "2025-12-25T16:20:37.116Z"}}, {"model": "manpower.manpowerentry", "pk": 14, "fields": {"date": "2025-12-25", "category": "Helpers", "gender": "Male", "count": 10, "work_type": 1, "shift": "general", "hours_worked": "8.0", "overtime_hours": "0.0", "attendance_status": "present", "notes": "Work Description: Concrete Work at IDT Foundation\nCreated by: joel@gmail.com\nShift: general\nDate: 2025-12-25", "created_by": 40, "project": 9, "created_at": "2025-12-25T16:20:37.120Z", "updated_at": "2025-12-25T16:20:37.120Z"}}, {"model": "manpower.manpowerentry", "pk": 15, "fields": {"date": "2025-12-25", "category": "Helpers", "gender": "Female", "count": 5, "work_type": 1, "shift": "general", "hours_worked": "8.0", "overtime_hours": "0.0", "attendance_status": "present", "notes": "Work Description: Concrete Work at IDT Foundation\nCreated by: joel@gmail.com\nShift: general\nDate: 2025-12-25", "created_by": 40, "project": 9, "created_at": "2025-12-25T16:20:37.123Z", "updated_at": "2025-12-25T16:20:37.123Z"}}, {"model": "manpower.manpowerentry", "pk": 16, "fields": {"date": "2025-12-25", "category": "Laborers", "gender": "Male", "count": 10, "work_type": 1, "shift": "general", "hours_worked": "8.0", "overtime_hours": "0.0", "attendance_status": "present", "notes": "Work Description: Concrete Work at IDT Foundation\nCreated by: joel@gmail.com\nShift: general\nDate: 2025-12-25", "created_by": 40, "project": 9, "created_at": "2025-12-25T16:20:37.126Z", "updated_at": "2025-12-25T16:20:37.126Z"}}, {"model": "manpower.dailymanpowersummary", "pk": 1, "fields": {"date": "2025-12-25", "total_workers": 27, "total_hours": "40.0", "total_overtime": "0.0", "present_count": 27, "absent_count": 0, "late_count": 0, "half_day_count": 0, "project": 9, "created_at": "2025-12-25T15:10:53.916Z", "updated_at": "2025-12-25T16:20:37.133Z"}}, {"model": "incidentmanagement.incident", "pk": "030bdce7-e473-483f-a7cf-9228ef211190", "fields": {"incident_id": "INC-2025-0001", "title": "Minor Hand Injury During Machine Maintenance", "description": "During routine maintenance of a conveyor belt, an employee sustained a minor hand injury due to improper handling of tools. No machinery damage occurred and production was briefly paused.", "incident_type": "near_miss", "severity_level": "medium", "status": "8d_initiated", "location": "Production Floor  Unit 2", "department": "Maintenance", "date_time_incident": "2025-12-12T05:30:00Z", "reporter_name": "Joel", "reported_by": 40, "assigned_investigator": 40, "project": 9, "created_at": "2025-12-25T18:34:50.440Z", "updated_at": "2025-12-25T18:34:50.440Z", "immediate_action_taken": "First aid was administered immediately, and the employee was taken to the onsite medical room for observation. Work was stopped temporarily in the affected area.", "potential_causes": "", "risk_level": "low", "probability_score": 3, "impact_score": 2, "risk_matrix_score": 6, "estimated_cost": "250.00", "actual_cost": null, "cost_category": "medical", "regulatory_framework": "local_regulation", "regulatory_reportable": false, "regulatory_report_date": null, "regulatory_reference": "", "business_impact": "minimal", "production_impact_hours": "1.50", "personnel_affected_count": 1, "escalation_level": 1, "priority_score": 11, "external_agencies_notified": [], "weather_conditions": "Clear", "environmental_factors": "Noise and limited working space near the equipment", "equipment_involved": "Conveyor belt system and handheld maintenance tools", "equipment_serial_numbers": "CB-PRD-45892", "work_process": "Conveyor Belt Maintenance", "work_permit_number": "WP-2024-078", "safety_procedures_followed": true, "management_notified_at": null, "family_notified": false, "media_attention": false, "regulatory_report_required": false, "regulatory_body": "", "is_biodiversity_event": false, "environmental_severity": ""}}, {"model": "incidentmanagement.eightdprocess", "pk": "0dfa924b-586f-441a-aeab-78545cad07ff", "fields": {"incident": "030bdce7-e473-483f-a7cf-9228ef211190", "eight_d_id": "8D-2025-0001", "problem_statement": "8D Problem Solving for: Minor Hand Injury During Machine Maintenance", "champion": 40, "initiated_date": "2025-12-25T18:34:50.439Z", "target_completion_date": null, "actual_completion_date": null, "status": "initiated", "current_discipline": 1, "overall_progress": 0, "created_at": "2025-12-25T18:34:50.439Z", "updated_at": "2025-12-25T18:34:50.439Z"}}, {"model": "permissions.permissionrequest", "pk": 1, "fields": {"requester": 40, "approver": 37, "permission_type": "delete", "status": "pending", "reason": "The meeting has been canceld", "content_type": 22, "object_id": 2, "created_at": "2025-12-24T14:19:13.368Z", "approved_at": null}}, {"model": "permissions.permissionrequest", "pk": 2, "fields": {"requester": 40, "approver": 37, "permission_type": "edit", "status": "pending", "reason": "Postponed to 01/01/2026", "content_type": 20, "object_id": 1, "created_at": "2025-12-25T06:37:52.056Z", "approved_at": null}}, {"model": "system.systemsettings", "pk": 1, "fields": {"siteName": "EHS Management System", "siteDescription": "", "maintenanceMode": false, "allowRegistration": false, "defaultUserRole": "clientuser", "sessionTimeout": 60, "maxFileSize": 10, "emailNotifications": true, "smsNotifications": false, "backupFrequency": "daily", "logLevel": "INFO", "updated_at": "2025-12-20T18:34:42.115Z"}}, {"model": "environment.esgpolicy", "pk": 2, "fields": {"title": "Test 1", "version": "v1.0", "effective_date": "2025-12-24", "status": "active", "document": "esg_policies/Screenshot_5_RjjoXuq.png", "mapped_iso_clauses": ["ISO 14001:2015 - 5.1 Leadership and commitment", "ISO 14001:2015 - 6.1 Actions to address risks", "ISO 45001:2018 - 5.1 Leadership and commitment"], "created_by": 40, "created_at": "2025-12-24T13:23:08.925Z"}}, {"model": "environment.grievance", "pk": 1, "fields": {"source": "community", "type": "environmental", "description": "Test 1............................", "anonymous_flag": false, "assigned_to": null, "status": "resolved", "resolution_date": null, "evidence_ids": [], "site": 9, "created_at": "2025-12-24T13:29:48.407Z"}}, {"model": "environment.sustainabilitytarget", "pk": 1, "fields": {"site": 9, "category": "carbon", "target_name": "Reduce CO2 Emmision", "description": "Reduce organizational greenhouse gas (CO) emissions through energy efficiency, renewable energy adoption, and verified carbon offset programs to achieve a net-zero carbon footprint.", "baseline_value": "50000.000", "target_value": "0.000", "current_value": "0.000", "unit_of_measure": "CO2", "baseline_year": 2022, "target_year": 2025, "progress_percentage": "0.00", "on_track": true, "sdg_alignment": ["7"], "paris_agreement_aligned": true, "created_by": 37, "created_at": "2025-12-25T11:53:38.660Z", "updated_at": "2025-12-25T11:53:38.660Z"}}]